build,commit,power_limit_w,process,ctx_tokens,prefill_tokens,prefill_tps,decode_steady_tps,greedy_text_matches_main
main,f19a88b,600,1,32768,32768,3413.40,170.37,yes
main,f19a88b,600,1,65536,32768,3404.77,169.31,yes
main,f19a88b,600,1,98304,32768,3371.57,168.79,yes
main,f19a88b,600,1,131072,32768,3340.18,168.33,yes
main,f19a88b,600,1,163840,32768,3315.33,167.98,yes
main,f19a88b,600,1,196608,32768,3284.25,168.56,yes
main,f19a88b,600,1,229376,32768,3260.59,167.99,yes
main,f19a88b,600,1,262016,32640,3230.71,167.01,yes
tc,5dd0ac8,600,2,32768,32768,3413.31,170.40,yes
tc,5dd0ac8,600,2,65536,32768,3420.61,169.28,yes
tc,5dd0ac8,600,2,98304,32768,3413.03,168.72,yes
tc,5dd0ac8,600,2,131072,32768,3401.60,168.26,yes
tc,5dd0ac8,600,2,163840,32768,3398.12,167.97,yes
tc,5dd0ac8,600,2,196608,32768,3390.12,168.56,yes
tc,5dd0ac8,600,2,229376,32768,3384.66,167.96,yes
tc,5dd0ac8,600,2,262016,32640,3379.42,167.01,yes
tc,5dd0ac8,600,3,32768,32768,3412.51,170.42,yes
tc,5dd0ac8,600,3,65536,32768,3419.55,169.28,yes
tc,5dd0ac8,600,3,98304,32768,3412.77,168.71,yes
tc,5dd0ac8,600,3,131072,32768,3407.32,168.31,yes
tc,5dd0ac8,600,3,163840,32768,3395.76,167.95,yes
tc,5dd0ac8,600,3,196608,32768,3386.89,168.50,yes
tc,5dd0ac8,600,3,229376,32768,3385.33,167.95,yes
tc,5dd0ac8,600,3,262016,32640,3376.08,167.04,yes
main,f19a88b,600,4,32768,32768,3415.63,170.38,yes
main,f19a88b,600,4,65536,32768,3405.01,169.34,yes
main,f19a88b,600,4,98304,32768,3375.98,168.82,yes
main,f19a88b,600,4,131072,32768,3344.14,168.33,yes
main,f19a88b,600,4,163840,32768,3316.62,168.04,yes
main,f19a88b,600,4,196608,32768,3286.87,168.59,yes
main,f19a88b,600,4,229376,32768,3261.24,168.05,yes
main,f19a88b,600,4,262016,32640,3232.77,167.03,yes
