kernel,main-122880_launches,main-122880_ms,final-122880_launches,final-122880_ms,main-245760_launches,main-245760_ms,final-245760_launches,final-245760_ms
(chunk),1,2455.52,1,2412.62,1,2536.78,1,2428.74
matrix_half_tile,96,672.97,96,673.48,96,674.08,96,674.58
gdn_scan,36,499.89,36,504.95,36,501.59,36,503.60
nvjet_sm120_hss_mma_96x256x64_2_48x64x64_tmaAB_alignCD4_bx_TNNN,366,166.28,366,166.70,366,166.47,366,167.32
idx_score_mm,12,75.90,0,0.00,12,148.91,0,0.00
conv,36,143.30,36,143.40,36,143.29,36,143.54
pack_half_components,1075,131.61,1075,133.54,1075,133.24,1075,130.13
attention_group_pipe,12,84.04,12,84.35,12,86.20,12,86.39
nvjet_sm120_hss_mma_96x256x64_2_48x64x64_tmaAB_alignCD4_bz_TNNN,183,70.07,183,70.18,183,69.88,183,70.29
dense_f16_components,96,65.61,96,65.63,96,65.78,96,65.84
moe_reduce,48,51.73,48,51.74,48,51.78,48,51.79
hc_rows,96,43.97,96,43.99,96,43.80,96,43.81
hc_norm_prefill,96,43.15,96,43.14,96,43.11,96,43.11
nvjet_sm120_hss_mma_128x128x64_3_64x32x64_tmaAB_alignCD4_bx_TNNN,96,42.41,96,42.36,96,42.69,96,42.63
dense_rescale2,557,40.97,557,40.98,557,40.91,557,40.95
nvjet_sm120_hss_mma_256x112x64_2_64x56x64_tmaAB_alignCD4_bx_TNNN,96,36.77,96,36.76,96,36.91,96,36.90
cutlass::Kernel2,120,29.21,120,29.22,120,29.26,120,29.29
idx_score_tc,0,0.00,12,12.51,0,0.00,12,24.68
idx_tc_exact,0,0.00,12,11.67,0,0.00,12,12.00
idx_select_wide,12,5.32,12,5.32,12,6.67,12,6.68
idx_tc_prep,0,0.00,12,0.35,0,0.00,12,0.48
idx_expand,12,0.33,12,0.33,12,0.33,12,0.33
block_key,12,0.14,12,0.14,12,0.13,12,0.14
