build,reference,case,image,min_tokens,max_tokens,image_tokens,grid,min_cos,mean_cos,max_abs,max_abs_rel_to_max,rel_l2
before,metal,maple64,maple.png,64,64,54,6x9,1.0000000,1.0000000,7.188e-05,1.660e-04,5.997e-05
before,metal,orbit256,orbit.png,256,256,234,13x18,0.9999997,1.0000000,8.890e-05,2.688e-04,9.888e-05
before,metal,maple_def,maple.png,64,1024,300,15x20,0.9999999,1.0000000,4.187e-05,9.095e-05,6.499e-05
before,metal,earth256,earth.jpg,256,256,256,16x16,1.0000000,1.0000000,3.828e-05,8.602e-05,3.302e-05
before,metal,diagram1024,diagram.png,1024,1024,1050,25x42,0.9999999,1.0000000,1.055e-04,2.576e-04,9.129e-05
before,metal,screenshot_def,screenshot.png,64,1024,975,25x39,0.9999997,1.0000000,7.155e-05,1.988e-04,9.532e-05
before,metal,text1024,text.png,1024,1024,1044,29x36,0.9999999,1.0000000,7.521e-05,1.726e-04,6.207e-05
before,metal,spatial256,spatial.png,256,256,238,14x17,0.9999997,1.0000000,4.066e-05,8.613e-05,6.068e-05
before,metal,tinygray,prog_ac_refine_zrl_gray.jpg,64,1024,70,7x10,1.0000000,1.0000000,1.714e-05,5.431e-05,3.532e-05
before,metal,tiny420,prog_ac_refine_zrl_420.jpg,64,1024,70,7x10,1.0000000,1.0000000,2.852e-05,1.006e-04,3.746e-05
before,metal,orbit1024,orbit.png,1024,1024,1036,28x37,0.9999985,1.0000000,2.951e-04,5.490e-04,1.794e-04
before,metal,e64,earth256.png,64,1024,64,8x8,1.0000000,1.0000000,3.792e-05,1.031e-04,3.824e-05
before,metal,e256,earth512.png,64,1024,256,16x16,1.0000000,1.0000000,2.243e-05,5.419e-05,2.775e-05
before,metal,e1024,earth1024.png,64,1024,1024,32x32,0.9999999,1.0000000,7.190e-05,1.720e-04,4.555e-05
before,hf,maple64,maple.png,64,64,54,6x9,0.9980691,0.9996642,1.285e-02,3.012e-02,3.552e-02
before,hf,orbit256,orbit.png,256,256,234,13x18,0.9934898,0.9996861,2.276e-02,6.875e-02,3.022e-02
before,hf,earth256,earth.jpg,256,256,256,16x16,1.0000000,1.0000000,5.519e-05,1.240e-04,4.019e-05
before,hf,tinygray,prog_ac_refine_zrl_gray.jpg,64,1024,70,7x10,0.9167346,0.9910127,1.073e-01,3.423e-01,1.889e-01
before,hf,e64,earth256.png,64,1024,64,8x8,1.0000000,1.0000000,4.397e-05,1.196e-04,4.259e-05
before,hf,e256,earth512.png,64,1024,256,16x16,1.0000000,1.0000000,2.450e-05,5.917e-05,2.877e-05
before,hf,e1024,earth1024.png,64,1024,1024,32x32,0.9999999,1.0000000,6.409e-05,1.533e-04,4.554e-05
flash,metal,maple64,maple.png,64,64,54,6x9,1.0000000,1.0000000,7.215e-05,1.666e-04,6.021e-05
flash,metal,orbit256,orbit.png,256,256,234,13x18,0.9999998,1.0000000,1.014e-04,3.065e-04,1.095e-04
flash,metal,maple_def,maple.png,64,1024,300,15x20,0.9999999,1.0000000,4.484e-05,9.739e-05,6.893e-05
flash,metal,earth256,earth.jpg,256,256,256,16x16,0.9999999,1.0000000,4.064e-05,9.133e-05,3.521e-05
flash,metal,diagram1024,diagram.png,1024,1024,1050,25x42,0.9999998,1.0000000,1.043e-04,2.547e-04,1.126e-04
flash,metal,screenshot_def,screenshot.png,64,1024,975,25x39,0.9999985,1.0000000,7.387e-05,2.052e-04,1.179e-04
flash,metal,text1024,text.png,1024,1024,1044,29x36,0.9999998,1.0000000,7.822e-05,1.796e-04,7.453e-05
flash,metal,spatial256,spatial.png,256,256,238,14x17,0.9999997,1.0000000,4.306e-05,9.121e-05,6.196e-05
flash,metal,tinygray,prog_ac_refine_zrl_gray.jpg,64,1024,70,7x10,1.0000000,1.0000000,1.723e-05,5.459e-05,3.586e-05
flash,metal,tiny420,prog_ac_refine_zrl_420.jpg,64,1024,70,7x10,1.0000000,1.0000000,3.284e-05,1.158e-04,4.051e-05
flash,metal,orbit1024,orbit.png,1024,1024,1036,28x37,0.9999976,1.0000000,3.792e-04,7.056e-04,2.222e-04
flash,metal,e64,earth256.png,64,1024,64,8x8,1.0000000,1.0000000,4.079e-05,1.109e-04,4.080e-05
flash,metal,e256,earth512.png,64,1024,256,16x16,1.0000000,1.0000000,2.008e-05,4.851e-05,3.005e-05
flash,metal,e1024,earth1024.png,64,1024,1024,32x32,0.9999998,1.0000000,9.727e-05,2.327e-04,6.669e-05
flash,hf,maple64,maple.png,64,64,54,6x9,0.9980690,0.9996642,1.285e-02,3.012e-02,3.552e-02
flash,hf,orbit256,orbit.png,256,256,234,13x18,0.9934956,0.9996864,2.275e-02,6.871e-02,3.020e-02
flash,hf,earth256,earth.jpg,256,256,256,16x16,1.0000000,1.0000000,4.022e-05,9.037e-05,3.882e-05
flash,hf,tinygray,prog_ac_refine_zrl_gray.jpg,64,1024,70,7x10,0.9167340,0.9910127,1.073e-01,3.423e-01,1.889e-01
flash,hf,e64,earth256.png,64,1024,64,8x8,1.0000000,1.0000000,4.685e-05,1.274e-04,4.489e-05
flash,hf,e256,earth512.png,64,1024,256,16x16,0.9999999,1.0000000,2.549e-05,6.158e-05,3.100e-05
flash,hf,e1024,earth1024.png,64,1024,1024,32x32,0.9999997,1.0000000,8.946e-05,2.140e-04,6.505e-05
after,metal,maple64,maple.png,64,64,54,6x9,1.0000000,1.0000000,5.447e-05,1.258e-04,4.671e-05
after,metal,orbit256,orbit.png,256,256,234,13x18,0.9999998,1.0000000,7.185e-05,2.173e-04,8.232e-05
after,metal,maple_def,maple.png,64,1024,300,15x20,0.9999999,1.0000000,4.865e-05,1.057e-04,6.361e-05
after,metal,earth256,earth.jpg,256,256,256,16x16,1.0000000,1.0000000,5.753e-05,1.293e-04,3.609e-05
after,metal,diagram1024,diagram.png,1024,1024,1050,25x42,0.9999998,1.0000000,1.099e-04,2.685e-04,1.105e-04
after,metal,screenshot_def,screenshot.png,64,1024,975,25x39,0.9999984,1.0000000,7.110e-05,1.975e-04,1.165e-04
after,metal,text1024,text.png,1024,1024,1044,29x36,0.9999999,1.0000000,9.078e-05,2.084e-04,7.648e-05
after,metal,spatial256,spatial.png,256,256,238,14x17,0.9999998,1.0000000,4.964e-05,1.052e-04,5.672e-05
after,metal,tinygray,prog_ac_refine_zrl_gray.jpg,64,1024,70,7x10,1.0000000,1.0000000,1.663e-05,5.271e-05,3.363e-05
after,metal,tiny420,prog_ac_refine_zrl_420.jpg,64,1024,70,7x10,1.0000000,1.0000000,1.816e-05,6.404e-05,3.209e-05
after,metal,orbit1024,orbit.png,1024,1024,1036,28x37,0.9999979,1.0000000,3.588e-04,6.676e-04,2.057e-04
after,metal,e64,earth256.png,64,1024,64,8x8,1.0000000,1.0000000,1.855e-05,5.045e-05,2.519e-05
after,metal,e256,earth512.png,64,1024,256,16x16,1.0000000,1.0000000,1.335e-05,3.225e-05,2.089e-05
after,metal,e1024,earth1024.png,64,1024,1024,32x32,0.9999998,1.0000000,9.879e-05,2.363e-04,6.437e-05
after,hf,maple64,maple.png,64,64,54,6x9,0.9980680,0.9996640,1.285e-02,3.013e-02,3.553e-02
after,hf,orbit256,orbit.png,256,256,234,13x18,0.9934808,0.9996854,2.278e-02,6.880e-02,3.025e-02
after,hf,earth256,earth.jpg,256,256,256,16x16,1.0000000,1.0000000,9.020e-05,2.027e-04,4.871e-05
after,hf,tinygray,prog_ac_refine_zrl_gray.jpg,64,1024,70,7x10,0.9167368,0.9910127,1.073e-01,3.423e-01,1.889e-01
after,hf,e64,earth256.png,64,1024,64,8x8,1.0000000,1.0000000,2.461e-05,6.692e-05,2.909e-05
after,hf,e256,earth512.png,64,1024,256,16x16,1.0000000,1.0000000,1.542e-05,3.724e-05,2.176e-05
after,hf,e1024,earth1024.png,64,1024,1024,32x32,0.9999997,1.0000000,9.098e-05,2.177e-04,6.315e-05
metal,hf,maple64,maple.png,64,64,54,6x9,0.9980678,0.9996639,1.285e-02,3.013e-02,3.554e-02
metal,hf,orbit256,orbit.png,256,256,234,13x18,0.9934344,0.9996854,2.285e-02,6.902e-02,3.025e-02
metal,hf,earth256,earth.jpg,256,256,256,16x16,1.0000000,1.0000000,3.266e-05,7.340e-05,1.819e-05
metal,hf,tinygray,prog_ac_refine_zrl_gray.jpg,64,1024,70,7x10,0.9167302,0.9910132,1.073e-01,3.423e-01,1.889e-01
metal,hf,e64,earth256.png,64,1024,64,8x8,1.0000000,1.0000000,6.057e-06,1.647e-05,1.015e-05
metal,hf,e256,earth512.png,64,1024,256,16x16,1.0000000,1.0000000,7.786e-06,1.881e-05,8.404e-06
metal,hf,e1024,earth1024.png,64,1024,1024,32x32,1.0000000,1.0000000,1.991e-05,4.763e-05,1.273e-05
