build,commit,image_tokens,kernel,launches,incremental_ms,share_pct,encode_gpu_span_ms
before,e9de627,64,vis_attention,27,2.001,28.4,7.050
before,e9de627,64,pack_half_components<,196,1.069,15.2,7.050
before,e9de627,64,nvjet_sm120_hss_mma_128x64x64_4_64x16x64_tmaAB,54,0.642,9.1,7.050
before,e9de627,64,nvjet_sm120_hss_mma_128x128x64_3_32x64x64_tmaA,54,0.580,8.2,7.050
before,e9de627,64,nvjet_sm120_hss_mma_80x64x64_5_80x16x64_tmaAB_,54,0.530,7.5,7.050
before,e9de627,64,nvjet_sm120_hss_mma_48x64x128_3_48x16x128_tmaA,54,0.335,4.8,7.050
before,e9de627,64,nvjet_sm120_hss_mma_128x64x64_4_64x16x64_tmaAB,27,0.312,4.4,7.050
before,e9de627,64,nvjet_sm120_hss_mma_80x64x64_5_80x16x64_tmaAB_,27,0.250,3.5,7.050
before,e9de627,64,dense_rescale2,86,0.245,3.5,7.050
before,e9de627,64,vis_norm,55,0.235,3.3,7.050
before,e9de627,64,vis_add,83,0.210,3.0,7.050
before,e9de627,64,nvjet_sm120_hss_mma_48x64x128_3_48x16x128_tmaA,27,0.173,2.5,7.050
before,e9de627,64,cublasLt::splitKreduce_kernel<,71,0.157,2.2,7.050
before,e9de627,64,vis_qkv,27,0.149,2.1,7.050
before,e9de627,64,nvjet_sm120_hss_mma_80x64x64_5_80x16x64_tmaAB_,9,0.053,0.8,7.050
before,e9de627,64,cublas:cutlass::Kernel2<cutlass_80_simt_sgemm_,2,0.042,0.6,7.050
before,e9de627,64,dense_rescale,27,0.034,0.5,7.050
before,e9de627,64,nvjet_sm120_hss_mma_64x64x64_6_16x64x64_tmaAB_,3,0.015,0.2,7.050
before,e9de627,64,nvjet_sm120_hss_mma_64x64x64_6_64x16x64_tmaAB_,3,0.014,0.2,7.050
before,e9de627,64,vis_patch,1,0.002,0.0,7.050
before,e9de627,256,vis_attention,27,30.101,71.0,42.398
before,e9de627,256,nvjet_sm120_hss_mma_224x128x64_2_112x32x64_tma,54,1.926,4.5,42.398
before,e9de627,256,nvjet_sm120_hss_mma_128x112x64_3_32x56x64_tmaA,54,1.809,4.3,42.398
before,e9de627,256,nvjet_sm120_hss_mma_192x112x64_2_48x56x64_tmaA,54,1.700,4.0,42.398
before,e9de627,256,pack_half_components<,196,1.378,3.3,42.398
before,e9de627,256,dense_rescale2,86,0.979,2.3,42.398
before,e9de627,256,nvjet_sm120_hss_mma_224x128x64_2_112x32x64_tma,27,0.863,2.0,42.398
before,e9de627,256,vis_add,83,0.736,1.7,42.398
before,e9de627,256,nvjet_sm120_hss_mma_192x112x64_2_48x56x64_tmaA,27,0.650,1.5,42.398
before,e9de627,256,nvjet_sm120_hss_mma_64x104x64_4_16x104x64_tmaA,54,0.613,1.4,42.398
before,e9de627,256,cublasLt::splitKreduce_kernel<,69,0.347,0.8,42.398
before,e9de627,256,vis_norm,55,0.296,0.7,42.398
before,e9de627,256,nvjet_sm120_hss_mma_64x104x64_4_16x104x64_tmaA,27,0.293,0.7,42.398
before,e9de627,256,vis_qkv,27,0.236,0.6,42.398
before,e9de627,256,nvjet_sm120_hss_mma_96x128x64_3_96x16x64_tmaAB,9,0.150,0.4,42.398
before,e9de627,256,dense_rescale,27,0.132,0.3,42.398
before,e9de627,256,cublas:cutlass::Kernel2<cutlass_80_simt_sgemm_,2,0.118,0.3,42.398
before,e9de627,256,nvjet_sm120_hss_mma_96x128x64_3_48x32x64_tmaAB,3,0.033,0.1,42.398
before,e9de627,256,nvjet_sm120_hss_mma_128x96x64_3_64x24x64_tmaAB,3,0.032,0.1,42.398
before,e9de627,256,vis_patch,1,0.005,0.0,42.398
before,e9de627,1024,vis_attention,27,468.508,90.8,516.164
before,e9de627,1024,nvjet_sm120_hss_mma_192x176x64_2_48x88x64_tmaA,108,11.225,2.2,516.164
before,e9de627,1024,nvjet_sm120_hss_mma_224x128x64_2_112x32x64_tma,54,7.539,1.5,516.164
before,e9de627,1024,nvjet_sm120_hss_mma_192x176x64_2_48x88x64_tmaA,54,4.657,0.9,516.164
before,e9de627,1024,dense_rescale2,86,4.066,0.8,516.164
before,e9de627,1024,nvjet_sm120_hss_mma_128x208x64_2_32x104x64_tma,27,3.864,0.7,516.164
before,e9de627,1024,nvjet_sm120_hss_mma_128x208x64_2_32x104x64_tma,27,3.828,0.7,516.164
before,e9de627,1024,nvjet_sm120_hss_mma_224x128x64_2_112x32x64_tma,27,3.461,0.7,516.164
before,e9de627,1024,vis_add,83,3.049,0.6,516.164
before,e9de627,1024,pack_half_components<,196,2.674,0.5,516.164
before,e9de627,1024,vis_norm,55,0.821,0.2,516.164
before,e9de627,1024,vis_qkv,27,0.692,0.1,516.164
before,e9de627,1024,dense_rescale,27,0.535,0.1,516.164
before,e9de627,1024,nvjet_sm120_hss_mma_80x128x64_3_80x16x64_tmaAB,6,0.450,0.1,516.164
before,e9de627,1024,cublas:cutlass::Kernel2<cutlass_80_simt_sgemm_,2,0.313,0.1,516.164
before,e9de627,1024,nvjet_sm120_hss_mma_80x128x64_3_80x16x64_tmaAB,3,0.210,0.0,516.164
before,e9de627,1024,nvjet_sm120_hss_mma_96x256x64_2_48x64x64_tmaAB,3,0.121,0.0,516.164
before,e9de627,1024,nvjet_sm120_hss_mma_112x128x64_3_112x16x64_tma,3,0.093,0.0,516.164
before,e9de627,1024,cublasLt::splitKreduce_kernel<,6,0.035,0.0,516.164
before,e9de627,1024,vis_patch,1,0.022,0.0,516.164
flash,6aaaa91,1024,vis_flash<,27,23.860,35.7,66.924
flash,6aaaa91,1024,nvjet_sm120_hss_mma_192x176x64_2_48x88x64_tmaA,108,9.952,14.9,66.924
flash,6aaaa91,1024,nvjet_sm120_hss_mma_224x128x64_2_112x32x64_tma,54,6.530,9.8,66.924
flash,6aaaa91,1024,nvjet_sm120_hss_mma_192x176x64_2_48x88x64_tmaA,54,4.354,6.5,66.924
flash,6aaaa91,1024,dense_rescale2,86,3.935,5.9,66.924
flash,6aaaa91,1024,nvjet_sm120_hss_mma_128x208x64_2_32x104x64_tma,27,3.313,5.0,66.924
flash,6aaaa91,1024,nvjet_sm120_hss_mma_128x208x64_2_32x104x64_tma,27,3.208,4.8,66.924
flash,6aaaa91,1024,nvjet_sm120_hss_mma_224x128x64_2_112x32x64_tma,27,2.966,4.4,66.924
flash,6aaaa91,1024,vis_add,83,2.933,4.4,66.924
flash,6aaaa91,1024,pack_half_components<,196,2.589,3.9,66.924
flash,6aaaa91,1024,vis_qkv_h,27,0.830,1.2,66.924
flash,6aaaa91,1024,vis_norm,55,0.790,1.2,66.924
flash,6aaaa91,1024,dense_rescale,27,0.517,0.8,66.924
flash,6aaaa91,1024,nvjet_sm120_hss_mma_80x128x64_3_80x16x64_tmaAB,6,0.402,0.6,66.924
flash,6aaaa91,1024,cublas:cutlass::Kernel2<cutlass_80_simt_sgemm_,2,0.303,0.5,66.924
flash,6aaaa91,1024,nvjet_sm120_hss_mma_80x128x64_3_80x16x64_tmaAB,3,0.193,0.3,66.924
flash,6aaaa91,1024,nvjet_sm120_hss_mma_96x256x64_2_48x64x64_tmaAB,3,0.111,0.2,66.924
flash,6aaaa91,1024,nvjet_sm120_hss_mma_112x128x64_3_112x16x64_tma,3,0.085,0.1,66.924
flash,6aaaa91,1024,cublasLt::splitKreduce_kernel<,6,0.033,0.0,66.924
flash,6aaaa91,1024,vis_patch,1,0.021,0.0,66.924
after,7d8abb5,1024,vis_mm<,112,36.638,55.7,65.787
after,7d8abb5,1024,vis_flash<,27,27.391,41.6,65.787
after,7d8abb5,1024,vis_norm,55,0.942,1.4,65.787
after,7d8abb5,1024,vis_qkv_h,27,0.753,1.1,65.787
after,7d8abb5,1024,vis_pos,1,0.043,0.1,65.787
after,7d8abb5,1024,vis_split_rows,1,0.013,0.0,65.787
after,7d8abb5,1024,vis_mm_reduce<,1,0.007,0.0,65.787
