power_limit_w,set,prompt,mode,ctx,base_tps,main_tps,change_pct,base_process_means,main_process_means,tokens_same,base_hash,main_hash
450,short-plain,code,plain,4096,140.60,170.51,+21.28,"140.72,140.48,140.55,140.64","170.53,170.61,170.41,170.5",yes,358dbb07/n256,358dbb07/n256
450,short-plain,prose,plain,4096,140.21,170.14,+21.34,"140.17,140.18,140.19,140.31","170.12,170.18,170.08,170.17",yes,6a2f0b77/n256,6a2f0b77/n256
450,short-mtp,code,mtp,4096,226.91,255.26,+12.49,"226.82,226.9,226.92,227.01","255.04,255.25,255.2,255.55",yes,358dbb07/n256,358dbb07/n256
450,short-mtp,prose,mtp,4096,175.40,198.78,+13.33,"175.39,175.38,175.4,175.44","198.63,198.81,198.74,198.96",yes,6a2f0b77/n256,6a2f0b77/n256
450,held-plain,explain,plain,4096,140.44,170.07,+21.10,"140.63,140.25","170.11,170.04",yes,81770a0a/n256,81770a0a/n256
450,held-plain,json,plain,4096,140.40,169.90,+21.01,"140.56,140.24","169.92,169.88",yes,1119ea62/n256,1119ea62/n256
450,held-plain,math,plain,4096,140.35,169.89,+21.05,"140.45,140.26","169.91,169.88",yes,5656a359/n256,5656a359/n256
450,held-plain,oped,plain,4096,140.08,169.52,+21.02,"140.17,140.0","169.54,169.51",yes,f9a1f845/n256,f9a1f845/n256
450,held-plain,rust,plain,4096,140.08,169.50,+21.00,"140.16,140.01","169.52,169.48",yes,0b44f6a7/n256,0b44f6a7/n256
450,held-plain,sql,plain,4096,140.10,169.42,+20.92,"140.17,140.04","169.44,169.4",yes,dc029d45/n256,dc029d45/n256
450,held-plain,table,plain,4096,140.03,169.31,+20.91,"140.1,139.97","169.32,169.31",yes,d528bfec/n256,d528bfec/n256
450,held-plain,translate,plain,4096,139.94,169.14,+20.86,"140.0,139.89","169.15,169.13",yes,97a134a2/n256,97a134a2/n256
450,held-mtp,explain,mtp,4096,196.62,222.37,+13.09,"196.53,196.72","222.32,222.41",yes,81770a0a/n256,81770a0a/n256
450,held-mtp,json,mtp,4096,242.87,271.22,+11.67,"242.74,243.0","271.09,271.35",yes,1119ea62/n256,1119ea62/n256
450,held-mtp,math,mtp,4096,216.16,243.06,+12.45,"216.1,216.21","242.96,243.17",yes,5656a359/n256,5656a359/n256
450,held-mtp,oped,mtp,4096,177.02,199.63,+12.77,"177.01,177.04","199.57,199.7",yes,c3e13776/n256,c3e13776/n256
450,held-mtp,rust,mtp,4096,209.25,235.51,+12.55,"209.25,209.26","235.48,235.55",yes,0b44f6a7/n256,0b44f6a7/n256
450,held-mtp,sql,mtp,4096,215.54,241.09,+11.85,"215.5,215.58","241.06,241.12",yes,dc029d45/n256,dc029d45/n256
450,held-mtp,table,mtp,4096,220.23,246.58,+11.96,"220.21,220.25","246.53,246.63",yes,d528bfec/n256,d528bfec/n256
450,held-mtp,translate,mtp,4096,185.63,208.50,+12.32,"185.62,185.65","208.42,208.58",yes,97a134a2/n256,97a134a2/n256
450,long3k-plain,longcode,plain,4096,134.06,164.75,+22.89,"133.97,134.14","164.74,164.75",yes,92b5fe01/n256,92b5fe01/n256
450,long3k-plain,longdoc,plain,4096,133.95,164.41,+22.74,"133.96,133.94","164.38,164.44",yes,a8aa66ea/n256,a8aa66ea/n256
450,long3k-mtp,longcode,mtp,4096,176.95,203.72,+15.13,"176.89,177.02","203.65,203.79",yes,92b5fe01/n256,92b5fe01/n256
450,long3k-mtp,longdoc,mtp,4096,183.12,210.48,+14.94,"183.07,183.18","210.37,210.59",yes,a8aa66ea/n256,a8aa66ea/n256
600,short-plain,code,plain,4096,140.72,172.36,+22.49,"140.74,140.68,140.72,140.72","172.39,172.33,172.35,172.36",yes,358dbb07/n256,358dbb07/n256
600,short-plain,prose,plain,4096,140.38,171.94,+22.48,"140.47,140.33,140.4,140.32","171.96,171.95,171.91,171.95",yes,6a2f0b77/n256,6a2f0b77/n256
600,short-mtp,code,mtp,4096,231.80,269.64,+16.32,"231.77,231.75,231.86,231.83","269.59,269.71,269.66,269.59",yes,358dbb07/n256,358dbb07/n256
600,short-mtp,prose,mtp,4096,177.34,205.78,+16.04,"177.26,177.35,177.35,177.39","205.76,205.8,205.76,205.78",yes,6a2f0b77/n256,6a2f0b77/n256
600,held-plain,explain,plain,4096,140.52,172.17,+22.52,"140.62,140.42","172.17,172.17",yes,81770a0a/n256,81770a0a/n256
600,held-plain,json,plain,4096,140.52,172.15,+22.51,"140.57,140.47","172.17,172.14",yes,1119ea62/n256,1119ea62/n256
600,held-plain,math,plain,4096,140.55,172.26,+22.56,"140.58,140.52","172.29,172.23",yes,5656a359/n256,5656a359/n256
600,held-plain,oped,plain,4096,140.18,171.85,+22.59,"140.33,140.03","171.87,171.83",yes,f9a1f845/n256,f9a1f845/n256
600,held-plain,rust,plain,4096,140.23,171.91,+22.59,"140.37,140.09","171.92,171.9",yes,0b44f6a7/n256,0b44f6a7/n256
600,held-plain,sql,plain,4096,140.36,171.93,+22.49,"140.43,140.29","171.93,171.92",yes,dc029d45/n256,dc029d45/n256
600,held-plain,table,plain,4096,140.31,171.86,+22.48,"140.38,140.25","171.86,171.86",yes,d528bfec/n256,d528bfec/n256
600,held-plain,translate,plain,4096,140.30,171.88,+22.51,"140.37,140.23","171.86,171.89",yes,97a134a2/n256,97a134a2/n256
600,held-mtp,explain,mtp,4096,199.56,231.82,+16.16,"199.57,199.56","231.79,231.85",yes,81770a0a/n256,81770a0a/n256
600,held-mtp,json,mtp,4096,251.31,292.39,+16.35,"251.34,251.28","292.45,292.33",yes,1119ea62/n256,1119ea62/n256
600,held-mtp,math,mtp,4096,221.27,256.89,+16.10,"221.35,221.2","257.07,256.72",yes,5656a359/n256,5656a359/n256
600,held-mtp,oped,mtp,4096,179.87,208.62,+15.98,"179.87,179.86","208.61,208.62",yes,c3e13776/n256,c3e13776/n256
600,held-mtp,rust,mtp,4096,213.53,247.97,+16.13,"213.59,213.48","247.97,247.98",yes,0b44f6a7/n256,0b44f6a7/n256
600,held-mtp,sql,mtp,4096,222.39,258.47,+16.22,"222.43,222.35","258.45,258.49",yes,dc029d45/n256,dc029d45/n256
600,held-mtp,table,mtp,4096,226.56,263.14,+16.14,"226.6,226.53","263.15,263.13",yes,d528bfec/n256,d528bfec/n256
600,held-mtp,translate,mtp,4096,190.00,220.83,+16.23,"190.01,189.99","220.8,220.86",yes,97a134a2/n256,97a134a2/n256
600,long3k-plain,longcode,plain,4096,134.05,166.55,+24.25,"134.06,134.03","166.54,166.55",yes,92b5fe01/n256,92b5fe01/n256
600,long3k-plain,longdoc,plain,4096,133.98,166.44,+24.22,"133.92,134.04","166.45,166.42",yes,a8aa66ea/n256,a8aa66ea/n256
600,long3k-mtp,longcode,mtp,4096,178.87,211.68,+18.34,"178.85,178.88","211.64,211.71",yes,92b5fe01/n256,92b5fe01/n256
600,long3k-mtp,longdoc,mtp,4096,185.51,219.35,+18.24,"185.51,185.52","219.33,219.37",yes,a8aa66ea/n256,a8aa66ea/n256
