power_limit_w,group,build,busy_samples,power_median_w,power_p95_w,power_max_w,power_instant_p95_w,power_instant_max_w,sm_clock_median_mhz,sm_clock_min_mhz,mem_clock_median_mhz,mem_below_13365_pct,temp_max_c,sw_power_cap_bit_pct,sw_power_cap_time_pct
450,session:batch,base,80,450.1,461.4,462.4,459.4,533.2,2512,2392,13365,0.0%,57,63.8%,0.1
450,session:batch,main,75,450.0,455.3,462.7,459.0,476.9,2407,2227,13365,0.0%,57,78.7%,0.1
450,session:ctx256,base,19,438.6,451.3,451.3,451.5,451.5,2790,2625,13365,0.0%,66,0.0%,0.0
450,session:ctx256,main,20,427.3,465.4,465.4,536.3,536.3,2662,2647,13365,0.0%,58,10.0%,0.0
450,session:ctx256-spec,base,24,450.5,455.2,455.2,465.7,465.7,2692,2512,13365,0.0%,54,12.5%,0.0
450,session:ctx256-spec,main,24,433.7,456.5,456.5,490.6,490.6,2520,2512,13365,0.0%,54,8.3%,0.0
450,session:ctx4096,base,41,429.1,458.1,458.1,480.8,552.1,2685,2422,13365,0.0%,53,34.1%,0.3
450,session:ctx4096,main,34,450.8,453.0,453.0,468.5,468.5,2602,2422,13365,0.0%,54,50.0%,0.3
450,session:ctx4096-spec,base,42,450.4,452.1,464.2,455.6,457.6,2700,2422,13365,0.0%,54,38.1%,0.2
450,session:ctx4096-spec,main,39,450.0,453.9,453.9,479.9,479.9,2527,2430,13365,0.0%,54,53.8%,0.3
450,cross-binary:held-mtp,base,543,449.9,452.7,457.9,473.3,487.1,2587,2355,13365,0.0%,72,7.9%,0.5
450,cross-binary:held-mtp,main,487,450.0,453.6,461.8,482.6,518.4,2392,2302,13365,0.0%,71,86.0%,0.5
450,cross-binary:held-plain,base,770,450.0,451.4,454.4,452.7,505.7,2752,2422,13365,0.0%,73,1.0%,0.5
450,cross-binary:held-plain,main,646,450.0,452.3,459.2,471.4,502.1,2595,2370,13365,0.0%,71,1.2%,0.2
450,cross-binary:long-mtp,base,239,451.1,457.4,465.8,470.1,516.0,2632,2430,13365,0.0%,68,38.1%,3.5
450,cross-binary:long-mtp,main,209,450.4,455.6,461.9,476.5,524.2,2460,2422,13365,0.0%,67,93.3%,3.5
450,cross-binary:long-plain,base,289,447.2,454.3,461.1,466.1,499.3,2767,2430,13365,0.0%,70,33.2%,5.5
450,cross-binary:long-plain,main,251,450.2,457.3,461.3,481.4,510.8,2617,2430,13365,0.0%,69,36.3%,3.6
450,cross-binary:short-mtp,base,275,449.9,453.6,464.0,469.4,494.9,2647,2452,13365,0.0%,62,2.9%,0.0
450,cross-binary:short-mtp,main,249,450.0,452.1,458.2,481.6,508.7,2460,2377,13365,0.0%,62,40.6%,0.5
450,cross-binary:short-plain,base,382,450.2,451.9,452.4,456.6,493.4,2790,2625,13365,0.0%,64,0.0%,0.0
450,cross-binary:short-plain,main,319,450.0,452.5,461.9,470.2,485.4,2640,2625,13365,0.0%,62,1.6%,0.0
450,power-abba:mtp-block1,base,68,449.4,454.2,454.6,463.9,465.1,2692,2632,13365,0.0%,53,4.4%,0.0
450,power-abba:mtp-block4,base,69,450.0,454.0,454.4,469.1,473.8,2647,2580,13365,0.0%,62,4.3%,0.0
600,power-abba:mtp-block2,base,68,492.0,498.1,498.8,507.5,510.6,2760,2752,13365,0.0%,60,0.0%,0.0
600,power-abba:mtp-block3,base,68,497.4,502.6,506.8,514.4,514.9,2760,2745,13365,0.0%,62,0.0%,0.0
450,power-abba:plain-block1,base,95,431.4,438.0,438.2,440.8,460.6,2805,2752,13365,0.0%,49,0.0%,0.0
450,power-abba:plain-block4,base,93,450.3,453.6,453.8,454.7,512.3,2790,2767,13365,0.0%,62,0.0%,0.0
600,power-abba:plain-block2,base,98,449.0,454.5,457.4,489.0,489.5,2797,2730,13365,0.0%,57,0.0%,0.0
600,power-abba:plain-block3,base,95,458.3,464.4,465.9,469.4,474.2,2797,2790,13365,0.0%,61,0.0%,0.0
450,power-abba:mtp-block1,main,62,450.0,451.8,452.8,473.7,478.2,2467,2377,13365,0.0%,61,33.9%,0.4
450,power-abba:mtp-block4,main,62,450.0,451.8,452.8,474.8,476.0,2460,2377,13365,0.0%,62,33.9%,0.4
600,power-abba:mtp-block2,main,57,546.7,554.2,554.2,568.2,569.1,2737,2730,13365,0.0%,65,0.0%,0.0
600,power-abba:mtp-block3,main,58,549.1,554.2,556.1,569.9,569.9,2737,2730,13365,0.0%,66,0.0%,0.0
450,power-abba:plain-block1,main,79,450.0,453.5,453.9,469.7,474.6,2640,2625,13365,0.0%,61,2.5%,0.0
450,power-abba:plain-block4,main,79,450.0,453.0,556.1,471.6,555.8,2632,2625,13365,0.0%,66,3.8%,0.0
600,power-abba:plain-block2,main,78,528.0,536.0,536.1,542.4,543.4,2794,2460,13365,0.0%,65,0.0%,0.0
600,power-abba:plain-block3,main,77,530.4,540.6,541.6,545.2,546.0,2782,2775,13365,0.0%,66,0.0%,0.0
600,session:batch,base,35,539.4,551.9,551.9,555.8,555.8,2745,2685,13365,0.0%,60,0.0%,0.0
600,session:batch,main,33,553.3,593.6,593.6,594.4,594.4,2745,2685,13365,0.0%,62,0.0%,0.0
600,session:ctx256,base,21,449.7,490.3,490.3,553.8,553.8,2797,2737,13365,0.0%,63,0.0%,0.0
600,session:ctx256,main,15,490.3,531.6,531.6,533.4,533.4,2797,2782,13365,0.0%,61,0.0%,0.0
600,session:ctx256-spec,base,26,482.5,488.3,537.5,501.9,539.8,2760,2722,13365,0.0%,57,0.0%,0.0
600,session:ctx256-spec,main,21,531.2,539.4,539.4,541.2,541.2,2752,2677,13365,0.0%,57,0.0%,0.0
600,session:ctx4096,base,34,463.8,553.8,553.8,573.4,573.4,2790,2730,13365,0.0%,58,0.0%,0.0
600,session:ctx4096,main,34,507.2,555.5,555.5,575.6,575.6,2737,2670,13365,0.0%,59,0.0%,0.0
600,session:ctx4096-spec,base,43,483.5,551.5,551.9,571.7,571.7,2767,2715,13365,0.0%,58,0.0%,0.0
600,session:ctx4096-spec,main,40,543.6,554.8,554.8,568.8,568.8,2748,2722,13365,0.0%,58,0.0%,0.0
600,cross-binary:held-mtp,base,532,533.8,545.8,551.6,554.5,602.0,2745,2617,13365,0.0%,79,0.0%,0.0
600,cross-binary:held-mtp,main,462,575.5,586.2,593.4,600.4,603.6,2722,2692,13365,0.0%,80,0.0%,0.0
600,cross-binary:held-plain,base,773,493.0,511.5,518.6,506.6,601.6,2790,2662,13365,0.0%,79,0.0%,0.0
600,cross-binary:held-plain,main,635,564.4,577.2,581.0,580.1,603.3,2775,2700,13365,0.0%,80,0.0%,0.0
600,cross-binary:long-mtp,base,227,519.1,539.6,580.3,557.6,582.0,2752,2617,13365,0.0%,73,0.0%,0.0
600,cross-binary:long-mtp,main,209,549.6,573.9,580.3,580.4,582.0,2730,2625,13365,0.0%,74,0.0%,0.0
600,cross-binary:long-plain,base,287,483.5,528.7,549.6,561.9,570.5,2782,2625,13365,0.0%,75,0.0%,0.0
600,cross-binary:long-plain,main,250,537.2,552.9,555.7,562.8,567.5,2767,2617,13365,0.0%,76,0.0%,0.0
600,cross-binary:short-mtp,base,271,502.3,510.1,556.6,519.7,555.4,2752,2737,13365,0.0%,66,0.0%,0.0
600,cross-binary:short-mtp,main,243,548.1,555.0,557.0,569.5,571.2,2737,2647,13365,0.0%,66,0.0%,0.0
600,cross-binary:short-plain,base,378,467.5,473.4,546.7,477.9,547.5,2797,2452,13365,0.0%,66,0.3%,0.0
600,cross-binary:short-plain,main,313,532.3,542.1,546.7,546.8,548.8,2782,2662,13365,0.0%,67,0.0%,0.0
