power_limit_w,config,build,process,concurrency,ctx,decode_tps_aggregate,decode_tps_per_stream,step_mean_ms,step_p50_ms,step_p95_ms,spec_tokens_per_cycle
450,batch,base,1,1,256,141.3,141.27,7.08,7.08,7.11,
450,batch,base,1,8,256,442.4,55.30,18.08,18.09,18.31,
450,batch,base,1,16,256,590.3,36.90,27.10,27.13,27.46,
450,batch,base,2,1,256,141.2,141.24,7.08,7.08,7.11,
450,batch,base,2,8,256,440.6,55.08,18.16,18.16,18.41,
450,batch,base,2,16,256,587.9,36.74,27.22,27.22,27.61,
450,batch,main,1,1,256,171.6,171.57,5.83,5.83,5.87,
450,batch,main,1,8,256,448.6,56.07,17.83,17.82,18.05,
450,batch,main,1,16,256,596.6,37.29,26.82,26.78,27.23,
450,batch,main,2,1,256,171.7,171.68,5.82,5.83,5.86,
450,batch,main,2,8,256,448.4,56.05,17.84,17.85,18.04,
450,batch,main,2,16,256,596.6,37.29,26.82,26.79,27.25,
450,256-plain,base,1,1,256,140.9,140.92,7.10,7.09,7.12,
450,256-plain,base,2,1,256,141.1,141.07,7.09,7.08,7.12,
450,256-plain,main,1,1,256,170.5,170.49,5.87,5.86,5.90,
450,256-plain,main,2,1,256,170.7,170.73,5.86,5.86,5.89,
450,256-spec,base,1,1,256,154.5,154.50,9.10,9.10,9.18,1.41
450,256-spec,base,2,1,256,154.6,154.57,9.10,9.10,9.18,1.41
450,256-spec,main,1,1,256,175.5,175.52,8.01,8.02,8.06,1.41
450,256-spec,main,2,1,256,175.7,175.68,8.00,8.01,8.05,1.41
450,4096-plain,base,1,1,4096,134.6,134.56,7.43,7.43,7.47,
450,4096-plain,base,2,1,4096,134.3,134.34,7.44,7.44,7.48,
450,4096-plain,main,1,1,4096,164.8,164.77,6.07,6.06,6.10,
450,4096-plain,main,2,1,4096,164.8,164.78,6.07,6.07,6.10,
450,4096-spec,base,1,1,4096,149.6,149.62,9.50,9.50,9.58,1.42
450,4096-spec,base,2,1,4096,149.6,149.59,9.51,9.50,9.58,1.42
450,4096-spec,main,1,1,4096,172.0,172.01,8.27,8.27,8.30,1.42
450,4096-spec,main,2,1,4096,172.0,172.04,8.26,8.26,8.31,1.42
600,256-plain,base,1,1,256,140.9,140.92,7.10,7.09,7.13,
600,256-plain,main,1,1,256,172.1,172.05,5.81,5.81,5.84,
600,256-plain,main,2,1,256,172.1,172.09,5.81,5.81,5.84,
600,256-plain,base,2,1,256,140.9,140.94,7.10,7.09,7.13,
600,256-spec,base,1,1,256,155.5,155.50,9.04,9.04,9.12,1.41
600,256-spec,main,1,1,256,180.3,180.30,7.80,7.80,7.84,1.41
600,256-spec,main,2,1,256,180.3,180.32,7.80,7.80,7.83,1.41
600,256-spec,base,2,1,256,155.5,155.45,9.05,9.04,9.12,1.41
600,4096-plain,base,1,1,4096,134.5,134.46,7.44,7.43,7.47,
600,4096-plain,main,1,1,4096,165.8,165.78,6.03,6.03,6.06,
600,4096-plain,main,2,1,4096,165.8,165.82,6.03,6.03,6.06,
600,4096-plain,base,2,1,4096,134.4,134.42,7.44,7.44,7.47,
600,4096-spec,base,1,1,4096,150.5,150.51,9.45,9.44,9.52,1.42
600,4096-spec,main,1,1,4096,176.9,176.88,8.04,8.04,8.08,1.42
600,4096-spec,main,2,1,4096,177.0,176.95,8.04,8.04,8.07,1.42
600,4096-spec,base,2,1,4096,150.4,150.44,9.45,9.45,9.53,1.42
600,batch,base,1,1,256,141.2,141.21,7.08,7.08,7.11,
600,batch,base,1,8,256,472.0,59.01,16.95,16.96,17.17,
600,batch,base,1,16,256,636.0,39.75,25.16,25.15,25.48,
600,batch,main,1,1,256,172.4,172.40,5.80,5.80,5.83,
600,batch,main,1,8,256,495.9,61.99,16.13,16.14,16.35,
600,batch,main,1,16,256,673.8,42.11,23.75,23.72,24.07,
