build,commit,power_limit_w,series,process,ctx_tokens,prefill_tokens,prefill_tps,decode_steady_tps,greedy_text_matches_base
base,e67a1c7,450,sw3,1,32768,32768,3039.57,170.03,yes
base,e67a1c7,450,sw3,1,65536,32768,2997.73,168.84,yes
base,e67a1c7,450,sw3,1,98304,32768,2863.89,168.24,yes
base,e67a1c7,450,sw3,1,131072,32768,2741.42,167.64,yes
base,e67a1c7,450,sw3,1,163840,32768,2632.39,167.21,yes
base,e67a1c7,450,sw3,1,196608,32768,2529.70,167.54,yes
base,e67a1c7,450,sw3,1,229376,32768,2434.63,167.00,yes
base,e67a1c7,450,sw3,1,262016,32640,2348.17,163.68,yes
scorer,0474e6c,450,sw3,2,32768,32768,3155.65,169.76,yes
scorer,0474e6c,450,sw3,2,65536,32768,3130.33,168.57,yes
scorer,0474e6c,450,sw3,2,98304,32768,3093.40,168.03,yes
scorer,0474e6c,450,sw3,2,131072,32768,3056.19,167.42,yes
scorer,0474e6c,450,sw3,2,163840,32768,3024.29,166.95,yes
scorer,0474e6c,450,sw3,2,196608,32768,2991.89,167.47,yes
scorer,0474e6c,450,sw3,2,229376,32768,2963.13,166.91,yes
scorer,0474e6c,450,sw3,2,262016,32640,2936.20,163.58,yes
final,7bc8efc,450,sw3,3,32768,32768,3185.13,169.48,yes
final,7bc8efc,450,sw3,3,65536,32768,3160.20,168.49,yes
final,7bc8efc,450,sw3,3,98304,32768,3121.65,167.93,yes
final,7bc8efc,450,sw3,3,131072,32768,3085.51,167.38,yes
final,7bc8efc,450,sw3,3,163840,32768,3048.75,166.96,yes
final,7bc8efc,450,sw3,3,196608,32768,3019.02,167.37,yes
final,7bc8efc,450,sw3,3,229376,32768,2992.17,166.75,yes
final,7bc8efc,450,sw3,3,262016,32640,2959.60,163.45,yes
final,7bc8efc,450,sw3,4,32768,32768,3181.37,169.42,yes
final,7bc8efc,450,sw3,4,65536,32768,3160.77,168.48,yes
final,7bc8efc,450,sw3,4,98304,32768,3123.08,167.86,yes
final,7bc8efc,450,sw3,4,131072,32768,3087.76,167.29,yes
final,7bc8efc,450,sw3,4,163840,32768,3052.57,166.85,yes
final,7bc8efc,450,sw3,4,196608,32768,3017.50,167.30,yes
final,7bc8efc,450,sw3,4,229376,32768,2991.13,166.73,yes
final,7bc8efc,450,sw3,4,262016,32640,2960.61,163.42,yes
scorer,0474e6c,450,sw3,5,32768,32768,3149.10,169.61,yes
scorer,0474e6c,450,sw3,5,65536,32768,3125.24,168.59,yes
scorer,0474e6c,450,sw3,5,98304,32768,3088.52,168.02,yes
scorer,0474e6c,450,sw3,5,131072,32768,3053.67,167.34,yes
scorer,0474e6c,450,sw3,5,163840,32768,3016.92,166.92,yes
scorer,0474e6c,450,sw3,5,196608,32768,2986.33,167.45,yes
scorer,0474e6c,450,sw3,5,229376,32768,2959.72,166.84,yes
scorer,0474e6c,450,sw3,5,262016,32640,2928.99,163.43,yes
base,e67a1c7,450,sw3,6,32768,32768,3002.06,169.64,yes
base,e67a1c7,450,sw3,6,65536,32768,2965.04,168.56,yes
base,e67a1c7,450,sw3,6,98304,32768,2837.89,167.97,yes
base,e67a1c7,450,sw3,6,131072,32768,2717.98,167.36,yes
base,e67a1c7,450,sw3,6,163840,32768,2611.94,166.89,yes
base,e67a1c7,450,sw3,6,196608,32768,2511.80,167.34,yes
base,e67a1c7,450,sw3,6,229376,32768,2422.27,166.78,yes
base,e67a1c7,450,sw3,6,262016,32640,2338.75,163.40,yes
base,e67a1c7,450,sw2,1,32768,32768,3081.43,170.55,yes
base,e67a1c7,450,sw2,1,65536,32768,3035.34,169.33,yes
base,e67a1c7,450,sw2,1,98304,32768,2897.55,168.58,yes
base,e67a1c7,450,sw2,1,131072,32768,2766.46,167.98,yes
base,e67a1c7,450,sw2,1,163840,32768,2652.58,167.45,yes
base,e67a1c7,450,sw2,1,196608,32768,2546.34,167.76,yes
base,e67a1c7,450,sw2,1,229376,32768,2450.65,167.13,yes
base,e67a1c7,450,sw2,1,262016,32640,2360.68,163.98,yes
final,7bc8efc,450,sw2,2,32768,32768,3199.30,169.73,yes
final,7bc8efc,450,sw2,2,65536,32768,3179.49,168.58,yes
final,7bc8efc,450,sw2,2,98304,32768,3140.40,168.10,yes
final,7bc8efc,450,sw2,2,131072,32768,3100.59,167.42,yes
final,7bc8efc,450,sw2,2,163840,32768,3061.89,167.05,yes
final,7bc8efc,450,sw2,2,196608,32768,3027.79,167.49,yes
final,7bc8efc,450,sw2,2,229376,32768,2998.55,166.89,yes
final,7bc8efc,450,sw2,2,262016,32640,2968.76,163.65,yes
final,7bc8efc,450,sw2,3,32768,32768,3184.90,169.70,yes
final,7bc8efc,450,sw2,3,65536,32768,3164.12,168.63,yes
final,7bc8efc,450,sw2,3,98304,32768,3126.20,168.12,yes
final,7bc8efc,450,sw2,3,131072,32768,3089.72,167.48,yes
final,7bc8efc,450,sw2,3,163840,32768,3054.61,167.09,yes
final,7bc8efc,450,sw2,3,196608,32768,3022.01,167.46,yes
final,7bc8efc,450,sw2,3,229376,32768,2993.73,166.92,yes
final,7bc8efc,450,sw2,3,262016,32640,2965.17,163.64,yes
base,e67a1c7,450,sw2,4,32768,32768,3009.08,169.74,yes
base,e67a1c7,450,sw2,4,65536,32768,2974.72,168.68,yes
base,e67a1c7,450,sw2,4,98304,32768,2844.85,168.06,yes
base,e67a1c7,450,sw2,4,131072,32768,2723.38,167.44,yes
base,e67a1c7,450,sw2,4,163840,32768,2614.33,166.97,yes
base,e67a1c7,450,sw2,4,196608,32768,2516.83,167.46,yes
base,e67a1c7,450,sw2,4,229376,32768,2427.32,166.86,yes
base,e67a1c7,450,sw2,4,262016,32640,2342.97,163.57,yes
base,e67a1c7,600,pf600,1,32768,32768,3258.58,,
base,e67a1c7,600,pf600,1,65536,32768,3241.15,,
base,e67a1c7,600,pf600,1,98304,32768,3125.72,,
base,e67a1c7,600,pf600,1,131072,32768,3009.29,,
base,e67a1c7,600,pf600,1,163840,32768,2909.59,,
base,e67a1c7,600,pf600,1,196608,32768,2809.36,,
base,e67a1c7,600,pf600,1,229376,32768,2719.66,,
base,e67a1c7,600,pf600,1,262016,32640,2631.59,,
final,7bc8efc,600,pf600,2,32768,32768,3418.75,,
final,7bc8efc,600,pf600,2,65536,32768,3403.49,,
final,7bc8efc,600,pf600,2,98304,32768,3371.31,,
final,7bc8efc,600,pf600,2,131072,32768,3342.60,,
final,7bc8efc,600,pf600,2,163840,32768,3314.29,,
final,7bc8efc,600,pf600,2,196608,32768,3283.13,,
final,7bc8efc,600,pf600,2,229376,32768,3258.61,,
final,7bc8efc,600,pf600,2,262016,32640,3228.38,,
final,7bc8efc,600,pf600,3,32768,32768,3413.76,,
final,7bc8efc,600,pf600,3,65536,32768,3408.69,,
final,7bc8efc,600,pf600,3,98304,32768,3376.53,,
final,7bc8efc,600,pf600,3,131072,32768,3341.46,,
final,7bc8efc,600,pf600,3,163840,32768,3309.71,,
final,7bc8efc,600,pf600,3,196608,32768,3279.79,,
final,7bc8efc,600,pf600,3,229376,32768,3253.53,,
final,7bc8efc,600,pf600,3,262016,32640,3226.18,,
base,e67a1c7,600,pf600,4,32768,32768,3236.67,,
base,e67a1c7,600,pf600,4,65536,32768,3223.40,,
base,e67a1c7,600,pf600,4,98304,32768,3105.10,,
base,e67a1c7,600,pf600,4,131072,32768,2994.94,,
base,e67a1c7,600,pf600,4,163840,32768,2891.89,,
base,e67a1c7,600,pf600,4,196608,32768,2794.51,,
base,e67a1c7,600,pf600,4,229376,32768,2706.07,,
base,e67a1c7,600,pf600,4,262016,32640,2620.82,,
