kernel,base_24576_launches,base_24576_ms,final_24576_launches,final_24576_ms,base_245760_launches,base_245760_ms,final_245760_launches,final_245760_ms
(chunk),1,2784.01,1,2660.15,1,3565.53,1,2854.49
idx_score_tiles,0,0.00,0,0.00,12,894.43,0,0.00
matrix_half_tile,96,710.68,96,739.39,96,736.75,96,744.77
gdn_scan,36,495.22,36,505.39,36,497.92,36,499.10
idx_score,12,214.90,0,0.00,0,0.00,0,0.00
nvjet_sm120_hss_mma_96x256x64_2_48x64x64_tmaAB_alignCD4_bx_TNNN,366,197.32,366,210.70,366,210.23,366,214.54
idx_score_mm,0,0.00,12,20.84,0,0.00,12,193.81
attention_group,12,127.45,0,0.00,12,149.92,0,0.00
conv,36,142.27,36,143.08,36,142.93,36,143.27
pack_half_components,1075,128.30,1075,128.64,1075,131.74,1075,130.21
attention_group_pipe,0,0.00,12,105.56,0,0.00,12,116.58
nvjet_sm120_hss_mma_96x256x64_2_48x64x64_tmaAB_alignCD4_bz_TNNN,183,83.56,183,90.11,183,89.11,183,91.00
dense_f16_components,96,78.73,96,84.23,96,84.22,96,85.56
nvjet_sm120_hss_mma_128x128x64_3_64x32x64_tmaAB_alignCD4_bx_TNNN,96,52.67,96,55.84,96,56.64,96,57.49
moe_reduce,48,51.75,48,51.80,48,51.84,48,51.87
nvjet_sm120_hss_mma_256x112x64_2_64x56x64_tmaAB_alignCD4_bx_TNNN,96,45.06,96,47.94,96,48.40,96,49.20
hc_norm_prefill,96,43.55,96,44.38,96,44.31,96,44.65
hc_rows,96,43.93,96,43.96,96,43.84,96,43.83
dense_rescale2,557,42.12,557,42.62,557,42.57,557,42.73
nvjet_sm120_hss_mma_144x192x64_2_144x24x64_tmaAB_alignCD4_bx_TNNN,72,34.42,72,36.41,72,36.41,72,37.16
idx_select,12,10.81,12,13.63,0,0.00,0,0.00
idx_select_wide,0,0.00,0,0.00,12,7.72,12,7.55
idx_expand,12,0.31,12,0.31,12,0.35,12,0.35
block_key,12,0.14,12,0.14,12,0.14,12,0.14
