experiment,process,build,ctx_tokens,prefill_tps
pfs2-2k-32k,1,base,2048,2862.13
pfs2-2k-32k,1,base,4096,2956.67
pfs2-2k-32k,1,base,8192,3063.91
pfs2-2k-32k,1,base,16384,3051.26
pfs2-2k-32k,1,base,32768,2943.99
pfs2-2k-32k,2,final,2048,2885.63
pfs2-2k-32k,2,final,4096,3021.33
pfs2-2k-32k,2,final,8192,3159.48
pfs2-2k-32k,2,final,16384,3211.42
pfs2-2k-32k,2,final,32768,3198.08
pfs2-2k-32k,3,final,2048,2889.28
pfs2-2k-32k,3,final,4096,3023.24
pfs2-2k-32k,3,final,8192,3168.52
pfs2-2k-32k,3,final,16384,3212.26
pfs2-2k-32k,3,final,32768,3197.14
pfs2-2k-32k,4,base,2048,2877.11
pfs2-2k-32k,4,base,4096,2973.80
pfs2-2k-32k,4,base,8192,3081.84
pfs2-2k-32k,4,base,16384,3066.46
pfs2-2k-32k,4,base,32768,2962.29
pfs2-2k-32k,5,base,2048,2880.60
pfs2-2k-32k,5,base,4096,2982.21
pfs2-2k-32k,5,base,8192,3088.98
pfs2-2k-32k,5,base,16384,3072.60
pfs2-2k-32k,5,base,32768,2968.49
pfs2-2k-32k,6,final,2048,2893.42
pfs2-2k-32k,6,final,4096,3036.80
pfs2-2k-32k,6,final,8192,3174.06
pfs2-2k-32k,6,final,16384,3223.91
pfs2-2k-32k,6,final,32768,3212.38
pfs-2k-32k,1,base,2048,2953.96
pfs-2k-32k,1,base,4096,3067.21
pfs-2k-32k,1,base,8192,3176.39
pfs-2k-32k,1,base,16384,3166.04
pfs-2k-32k,1,base,32768,3059.04
pfs-2k-32k,2,scorer,2048,2933.86
pfs-2k-32k,2,scorer,4096,3078.38
pfs-2k-32k,2,scorer,8192,3220.39
pfs-2k-32k,2,scorer,16384,3272.81
pfs-2k-32k,2,scorer,32768,3257.88
pfs-2k-32k,3,base,2048,2931.85
pfs-2k-32k,3,base,4096,3031.93
pfs-2k-32k,3,base,8192,3148.46
pfs-2k-32k,3,base,16384,3131.95
pfs-2k-32k,3,base,32768,3028.48
pfs-2k-32k,4,scorer,2048,2924.88
pfs-2k-32k,4,scorer,4096,3048.82
pfs-2k-32k,4,scorer,8192,3196.17
pfs-2k-32k,4,scorer,16384,3253.78
pfs-2k-32k,4,scorer,32768,3234.22
pfs-2k-32k,5,base,2048,2919.99
pfs-2k-32k,5,base,4096,3022.27
pfs-2k-32k,5,base,8192,3134.87
pfs-2k-32k,5,base,16384,3115.83
pfs-2k-32k,5,base,32768,3013.22
pfs-2k-32k,6,scorer,2048,2915.02
pfs-2k-32k,6,scorer,4096,3045.70
pfs-2k-32k,6,scorer,8192,3178.39
pfs-2k-32k,6,scorer,16384,3229.94
pfs-2k-32k,6,scorer,32768,3217.11
