experiment,process,build,ctx_tokens,prefill_tps,decode_steady_tps
abba-4k-64k,1,main,4096,3135.79,173.19
abba-4k-64k,1,main,8192,3223.93,172.17
abba-4k-64k,1,main,16384,3164.77,169.93
abba-4k-64k,1,main,32768,3056.08,159.96
abba-4k-64k,1,main,65536,2818.75,149.63
abba-4k-64k,2,tiles,4096,3091.87,172.53
abba-4k-64k,2,tiles,8192,3170.53,171.91
abba-4k-64k,2,tiles,16384,3120.42,171.54
abba-4k-64k,2,tiles,32768,3011.25,168.75
abba-4k-64k,2,tiles,65536,3021.28,167.23
abba-4k-64k,3,tiles,4096,3063.83,172.13
abba-4k-64k,3,tiles,8192,3149.36,171.51
abba-4k-64k,3,tiles,16384,3085.76,171.15
abba-4k-64k,3,tiles,32768,2985.74,168.28
abba-4k-64k,3,tiles,65536,3000.03,166.92
abba-4k-64k,4,main,4096,3059.32,171.78
abba-4k-64k,4,main,8192,3133.23,170.82
abba-4k-64k,4,main,16384,3080.75,168.79
abba-4k-64k,4,main,32768,2977.76,158.95
abba-4k-64k,4,main,65536,2750.06,149.04
prefill-interleaved,1,main,8192,3089.45,
prefill-interleaved,1,main,16384,3067.04,
prefill-interleaved,1,main,32768,2948.31,
prefill-interleaved,2,tiles,8192,3097.16,
prefill-interleaved,2,tiles,16384,3072.36,
prefill-interleaved,2,tiles,32768,2957.84,
prefill-interleaved,3,main,8192,3111.21,
prefill-interleaved,3,main,16384,3084.69,
prefill-interleaved,3,main,32768,2968.30,
prefill-interleaved,4,tiles,8192,3117.66,
prefill-interleaved,4,tiles,16384,3093.69,
prefill-interleaved,4,tiles,32768,2974.05,
prefill-interleaved,5,main,8192,3120.69,
prefill-interleaved,5,main,16384,3095.68,
prefill-interleaved,5,main,32768,2975.26,
prefill-interleaved,6,tiles,8192,3123.78,
prefill-interleaved,6,tiles,16384,3096.85,
prefill-interleaved,6,tiles,32768,2977.46,
