capture,kernel,grid_x,launches_per_token,base_us_per_token,base_us_per_launch,stack_us_per_token,stack_us_per_launch
256,gdn_proj,4192,36,1094.2,30.39,1231.6,34.21
256,moe_gate_up_q4k,160,48,737.9,15.37,751.1,15.65
256,matvec_q8,640,49,673.8,13.75,260.3,5.31
256,hc_norm,32,97,621.1,6.40,459.8,4.74
256,stage_host,3,1,508.4,508.40,0.4,0.40
256,moe_down_mxfp4_lat,320,48,458.3,9.55,466.1,9.71
256,matvec_split_f16_bulk,320,97,420.1,4.33,414.3,4.27
256,matvec_q8,62080,1,412.9,412.90,412.6,412.60
256,hc_mix_f16_bulk,640,97,292.8,3.02,375.1,3.87
256,matvec_q8,3072,12,270.1,22.51,193.8,16.15
256,router_pre,1,48,151.3,3.15,152.6,3.18
256,moe_reduce,10,48,126.5,2.64,111.8,2.33
256,gdn_scan,32,36,107.4,2.98,144.7,4.02
256,attention_group,2,12,95.5,7.96,96.8,8.07
256,matvec_split_f32_pre,512,48,67.9,1.41,71.8,1.50
256,multi_q8,1664,12,58.2,4.85,59.3,4.94
256,gdn_prep,16,36,49.9,1.39,126.8,3.52
256,attn_prep,31,12,44.6,3.72,127.6,10.63
256,gdn_out,48,36,43.6,1.21,47.9,1.33
256,matvec_q8,2560,1,26.4,26.40,21.1,21.10
256,attn_merge,24,12,24.5,2.04,27.4,2.28
256,ngram_gate,4,1,22.2,22.20,21.4,21.40
256,ngram_conv,40,1,3.5,3.50,3.4,3.40
256,argmax,61,1,2.4,2.40,2.4,2.40
256,argmax,1,1,1.5,1.50,1.5,1.50
256,TOTAL (excl. stage_host),,790,5806.6,,5581.2,
4096,gdn_proj,4192,36,1094.4,30.40,1238.2,34.39
4096,moe_gate_up_q4k,160,48,742.6,15.47,752.2,15.67
4096,matvec_q8,640,49,678.9,13.86,261.8,5.34
4096,hc_norm,32,97,626.3,6.46,461.2,4.75
4096,moe_down_mxfp4_lat,320,48,462.7,9.64,466.4,9.72
4096,matvec_q8,62080,1,413.9,413.90,414.4,414.40
4096,matvec_split_f16_bulk,320,97,405.9,4.18,414.0,4.27
4096,hc_mix_f16_bulk,640,97,314.6,3.24,382.6,3.94
4096,matvec_q8,3072,12,269.4,22.45,196.8,16.40
4096,router_pre,1,48,153.0,3.19,153.1,3.19
4096,moe_reduce,10,48,127.8,2.66,112.1,2.34
4096,attention_group,2,12,126.4,10.53,130.6,10.88
4096,gdn_scan,32,36,109.7,3.05,141.8,3.94
4096,attn_merge,24,12,73.4,6.12,62.6,5.22
4096,idx_select,1,12,71.5,5.96,74.0,6.17
4096,matvec_split_f32_pre,512,48,71.0,1.48,72.3,1.51
4096,multi_q8,1664,12,58.7,4.89,59.7,4.98
4096,gdn_prep,16,36,50.2,1.39,113.9,3.16
4096,attn_prep,31,12,44.8,3.73,100.3,8.36
4096,gdn_out,48,36,44.2,1.23,50.6,1.41
4096,idx_score,258,12,28.6,2.38,29.8,2.48
4096,idx_expand,1,12,23.2,1.93,23.6,1.97
4096,ngram_gate,4,1,22.6,22.60,21.2,21.20
4096,matvec_q8,2560,1,20.0,20.00,22.0,22.00
4096,ngram_conv,40,1,3.3,3.30,3.4,3.40
4096,argmax,61,1,2.4,2.40,2.4,2.40
4096,argmax,1,1,1.5,1.50,1.6,1.60
4096,stage_host,3,1,0.4,0.40,0.4,0.40
4096,TOTAL (excl. stage_host),,826,6041.0,,5762.6,
