capture,kernel,launches_per_token,base_us_per_token,base_us_per_launch,stack_us_per_token,stack_us_per_launch
256,matvec_q8_bulk,62,472.2,7.62,729.5,11.77
256,router_pre,48,152.0,3.17,126.8,2.64
256,gdn_scan,36,147.2,4.09,134.7,3.74
256,gdn_prep,36,115.7,3.21,68.3,1.90
256,gdn_out,36,47.3,1.31,42.9,1.19
256,attn_prep,12,127.5,10.62,79.2,6.60
256,attention_group,12,98.6,8.22,96.1,8.01
256,attn_merge,12,27.2,2.27,24.9,2.07
256,moe_reduce,48,111.3,2.32,114.2,2.38
4096,matvec_q8_bulk,62,481.1,7.76,731.1,11.79
4096,router_pre,48,152.5,3.18,127.1,2.65
4096,gdn_scan,36,145.5,4.04,132.8,3.69
4096,gdn_prep,36,106.9,2.97,61.9,1.72
4096,gdn_out,36,46.8,1.30,42.9,1.19
4096,attn_prep,12,81.9,6.83,59.1,4.92
4096,attention_group,12,145.0,12.08,136.8,11.40
4096,attn_merge,12,63.1,5.26,62.2,5.18
4096,idx_score,12,29.9,2.49,30.2,2.52
4096,idx_select,12,89.2,7.43,80.7,6.73
4096,idx_expand,12,23.5,1.96,23.7,1.97
4096,moe_reduce,48,112.2,2.34,115.2,2.40
