run,keys,T,grouped,median_us,min_us,max_us,relative_error
attention-128,128,1,0,11.075,11.034,11.077,0
attention-128,128,1,1,8.226,8.200,8.237,3.53094066e-07
attention-2048,2048,1,0,16.645,16.609,16.673,0
attention-2048,2048,1,1,13.017,12.975,13.066,2.50843012e-07
attention-256,256,1,0,11.293,11.292,11.332,0
attention-256,256,1,1,8.582,8.513,8.625,2.40906096e-07
attention-32,32,1,0,10.957,10.956,11.029,0
attention-32,32,1,1,10.956,10.954,11.025,0
attention-32768,32768,1,0,156.126,155.965,156.166,0
attention-32768,32768,1,1,38.526,38.514,38.557,5.81326642e-07
attention-4096,4096,1,0,25.996,25.882,26.026,0
attention-4096,4096,1,1,14.660,14.647,14.683,3.51219786e-07
attention-64,64,1,0,11.072,11.067,11.125,0
attention-64,64,1,1,11.072,11.069,11.129,0
attention-8,8,1,0,4.419,4.386,4.561,0
attention-8,8,1,1,4.418,4.387,4.431,0
