run,T,route_variants,path,median_us,min_us,max_us,relative_error
moe-16-16,16,16,gemv,319.557,318.783,320.216,0
moe-16-16,16,16,grouped,339.615,336.917,372.417,0
moe-16-16,16,16,gemm,1019.078,1016.295,1052.172,0.000150097556
moe-16-8,16,8,gemv,283.577,283.137,283.728,0
moe-16-8,16,8,grouped,238.753,238.474,240.154,0
moe-16-8,16,8,gemm,632.947,627.994,634.901,0.000150097556
moe-24-24,24,24,gemv,472.762,472.060,472.924,0
moe-24-24,24,24,grouped,650.575,514.001,671.890,0
moe-24-24,24,24,gemm,1433.356,1417.510,1436.885,0.000150097556
moe-24-8,24,8,gemv,402.434,401.795,402.935,0
moe-24-8,24,8,grouped,321.061,313.881,349.775,0
moe-24-8,24,8,gemm,637.824,631.930,645.064,0.000150097556
moe-25-25,25,25,gemv,491.345,490.676,491.751,0
moe-25-25,25,25,grouped,682.913,562.007,701.444,0
moe-25-25,25,25,gemm,1477.176,1454.562,1477.976,0.000150097556
moe-25-8,25,8,gemv,411.087,410.760,411.683,0
moe-25-8,25,8,grouped,336.034,322.086,365.479,0
moe-25-8,25,8,gemm,639.251,633.501,646.932,0.000150097556
moe-32-32,32,32,gemv,627.402,625.909,658.672,0
moe-32-32,32,32,grouped,843.176,789.298,901.999,0
moe-32-32,32,32,gemm,1859.945,1850.400,1862.839,0.000184908404
moe-32-8,32,8,gemv,522.420,522.052,542.124,0
moe-32-8,32,8,grouped,439.011,412.597,441.710,0
moe-32-8,32,8,gemm,640.928,637.512,647.592,0.000184908404
moe-4-4,4,4,gemv,61.896,61.803,62.371,0
moe-4-4,4,4,grouped,75.490,75.364,75.916,0
moe-4-4,4,4,gemm,295.536,295.200,295.649,0.000180939074
moe-4-8,4,8,gemv,61.919,61.821,62.379,0
moe-4-8,4,8,grouped,75.785,75.352,75.965,0
moe-4-8,4,8,gemm,295.682,295.110,296.170,0.000180939074
moe-8-8,8,8,gemv,156.165,155.655,156.536,0
moe-8-8,8,8,grouped,171.296,171.069,171.426,0
moe-8-8,8,8,gemm,621.359,617.476,625.296,0.000167546778
