run,kernel,launch_id,metric,unit,value
ncu-model-gemv,"moe_gate_up_q4k(float *, const float *, const int *, const char *, const char *, const char *, const char *, unsigned int, unsigned int, unsigned int, unsigned int, unsigned int, unsigned long, unsigned long)",0,dram__bytes_op_read.sum,byte,122785280.0
ncu-model-gemv,"moe_gate_up_q4k(float *, const float *, const int *, const char *, const char *, const char *, const char *, unsigned int, unsigned int, unsigned int, unsigned int, unsigned int, unsigned long, unsigned long)",0,gpu__time_duration.sum,ns,110400.0
ncu-model-gemv,"moe_gate_up_q4k(float *, const float *, const int *, const char *, const char *, const char *, const char *, unsigned int, unsigned int, unsigned int, unsigned int, unsigned int, unsigned long, unsigned long)",0,lts__t_bytes.sum,byte,169269728.0
ncu-model-gemv,"moe_gate_up_q4k(float *, const float *, const int *, const char *, const char *, const char *, const char *, unsigned int, unsigned int, unsigned int, unsigned int, unsigned int, unsigned long, unsigned long)",0,lts__t_sector_hit_rate.pct,%,74.98
ncu-model-gemv,"moe_down_mxfp4(float *, const float *, const int *, const char *, const char *, unsigned int, unsigned int, unsigned int, unsigned int, unsigned int, unsigned long, unsigned long)",1,dram__bytes_op_read.sum,byte,57669632.0
ncu-model-gemv,"moe_down_mxfp4(float *, const float *, const int *, const char *, const char *, unsigned int, unsigned int, unsigned int, unsigned int, unsigned int, unsigned long, unsigned long)",1,gpu__time_duration.sum,ns,69536.0
ncu-model-gemv,"moe_down_mxfp4(float *, const float *, const int *, const char *, const char *, unsigned int, unsigned int, unsigned int, unsigned int, unsigned int, unsigned long, unsigned long)",1,lts__t_bytes.sum,byte,114039584.0
ncu-model-gemv,"moe_down_mxfp4(float *, const float *, const int *, const char *, const char *, unsigned int, unsigned int, unsigned int, unsigned int, unsigned int, unsigned long, unsigned long)",1,lts__t_sector_hit_rate.pct,%,103.99
ncu-model-grouped,"void moe_grouped<0>(float *, const float *, const int *, const int *, const int *, const char *, const char *, unsigned int, unsigned int, unsigned int, unsigned int, unsigned int, unsigned long)",0,dram__bytes_op_read.sum,byte,121761792.0
ncu-model-grouped,"void moe_grouped<0>(float *, const float *, const int *, const int *, const int *, const char *, const char *, unsigned int, unsigned int, unsigned int, unsigned int, unsigned int, unsigned long)",0,gpu__time_duration.sum,ns,107968.0
ncu-model-grouped,"void moe_grouped<0>(float *, const float *, const int *, const int *, const int *, const char *, const char *, unsigned int, unsigned int, unsigned int, unsigned int, unsigned int, unsigned long)",0,lts__t_bytes.sum,byte,152602272.0
ncu-model-grouped,"void moe_grouped<0>(float *, const float *, const int *, const int *, const int *, const char *, const char *, unsigned int, unsigned int, unsigned int, unsigned int, unsigned int, unsigned long)",0,lts__t_sector_hit_rate.pct,%,70.1
ncu-model-grouped,"void moe_grouped<1>(float *, const float *, const int *, const int *, const int *, const char *, const char *, unsigned int, unsigned int, unsigned int, unsigned int, unsigned int, unsigned long)",1,dram__bytes_op_read.sum,byte,57679104.0
ncu-model-grouped,"void moe_grouped<1>(float *, const float *, const int *, const int *, const int *, const char *, const char *, unsigned int, unsigned int, unsigned int, unsigned int, unsigned int, unsigned long)",1,gpu__time_duration.sum,ns,85504.0
ncu-model-grouped,"void moe_grouped<1>(float *, const float *, const int *, const int *, const int *, const char *, const char *, unsigned int, unsigned int, unsigned int, unsigned int, unsigned int, unsigned long)",1,lts__t_bytes.sum,byte,100660608.0
ncu-model-grouped,"void moe_grouped<1>(float *, const float *, const int *, const int *, const int *, const char *, const char *, unsigned int, unsigned int, unsigned int, unsigned int, unsigned int, unsigned long)",1,lts__t_sector_hit_rate.pct,%,103.92
ncu-model-serial-gemv,"moe_gate_up_q4k(float *, const float *, const int *, const char *, const char *, const char *, const char *, unsigned int, unsigned int, unsigned int, unsigned int, unsigned int, unsigned long, unsigned long)",0,dram__bytes_op_read.sum,byte,122775296.0
ncu-model-serial-gemv,"moe_gate_up_q4k(float *, const float *, const int *, const char *, const char *, const char *, const char *, unsigned int, unsigned int, unsigned int, unsigned int, unsigned int, unsigned long, unsigned long)",0,gpu__time_duration.sum,ns,109856.0
ncu-model-serial-gemv,"moe_gate_up_q4k(float *, const float *, const int *, const char *, const char *, const char *, const char *, unsigned int, unsigned int, unsigned int, unsigned int, unsigned int, unsigned long, unsigned long)",0,lts__t_bytes.sum,byte,169355712.0
ncu-model-serial-gemv,"moe_gate_up_q4k(float *, const float *, const int *, const char *, const char *, const char *, const char *, unsigned int, unsigned int, unsigned int, unsigned int, unsigned int, unsigned long, unsigned long)",0,lts__t_sector_hit_rate.pct,%,74.95
ncu-model-serial-gemv,"moe_down_mxfp4(float *, const float *, const int *, const char *, const char *, unsigned int, unsigned int, unsigned int, unsigned int, unsigned int, unsigned long, unsigned long)",1,dram__bytes_op_read.sum,byte,57670400.0
ncu-model-serial-gemv,"moe_down_mxfp4(float *, const float *, const int *, const char *, const char *, unsigned int, unsigned int, unsigned int, unsigned int, unsigned int, unsigned long, unsigned long)",1,gpu__time_duration.sum,ns,68608.0
ncu-model-serial-gemv,"moe_down_mxfp4(float *, const float *, const int *, const char *, const char *, unsigned int, unsigned int, unsigned int, unsigned int, unsigned int, unsigned long, unsigned long)",1,lts__t_bytes.sum,byte,113612384.0
ncu-model-serial-gemv,"moe_down_mxfp4(float *, const float *, const int *, const char *, const char *, unsigned int, unsigned int, unsigned int, unsigned int, unsigned int, unsigned long, unsigned long)",1,lts__t_sector_hit_rate.pct,%,104.17
ncu-model-serial-grouped,"void moe_grouped<0>(float *, const float *, const int *, const int *, const int *, const char *, const char *, unsigned int, unsigned int, unsigned int, unsigned int, unsigned int, unsigned long)",0,dram__bytes_op_read.sum,byte,121828608.0
ncu-model-serial-grouped,"void moe_grouped<0>(float *, const float *, const int *, const int *, const int *, const char *, const char *, unsigned int, unsigned int, unsigned int, unsigned int, unsigned int, unsigned long)",0,gpu__time_duration.sum,ns,106304.0
ncu-model-serial-grouped,"void moe_grouped<0>(float *, const float *, const int *, const int *, const int *, const char *, const char *, unsigned int, unsigned int, unsigned int, unsigned int, unsigned int, unsigned long)",0,lts__t_bytes.sum,byte,152833984.0
ncu-model-serial-grouped,"void moe_grouped<0>(float *, const float *, const int *, const int *, const int *, const char *, const char *, unsigned int, unsigned int, unsigned int, unsigned int, unsigned int, unsigned long)",0,lts__t_sector_hit_rate.pct,%,69.95
ncu-model-serial-grouped,"void moe_grouped<1>(float *, const float *, const int *, const int *, const int *, const char *, const char *, unsigned int, unsigned int, unsigned int, unsigned int, unsigned int, unsigned long)",1,dram__bytes_op_read.sum,byte,57678592.0
ncu-model-serial-grouped,"void moe_grouped<1>(float *, const float *, const int *, const int *, const int *, const char *, const char *, unsigned int, unsigned int, unsigned int, unsigned int, unsigned int, unsigned long)",1,gpu__time_duration.sum,ns,85312.0
ncu-model-serial-grouped,"void moe_grouped<1>(float *, const float *, const int *, const int *, const int *, const char *, const char *, unsigned int, unsigned int, unsigned int, unsigned int, unsigned int, unsigned long)",1,lts__t_bytes.sum,byte,100211392.0
ncu-model-serial-grouped,"void moe_grouped<1>(float *, const float *, const int *, const int *, const int *, const char *, const char *, unsigned int, unsigned int, unsigned int, unsigned int, unsigned int, unsigned long)",1,lts__t_sector_hit_rate.pct,%,103.98
ncu-moe-16-gemv,"moe_gate_up_q4k(float *, const float *, const int *, const char *, const char *, const char *, const char *, unsigned int, unsigned int, unsigned int, unsigned int, unsigned int, unsigned long, unsigned long)",0,dram__bytes_op_read.sum,byte,295030272.0
ncu-moe-16-gemv,"moe_gate_up_q4k(float *, const float *, const int *, const char *, const char *, const char *, const char *, unsigned int, unsigned int, unsigned int, unsigned int, unsigned int, unsigned long, unsigned long)",0,gpu__time_duration.sum,ns,197408.0
ncu-moe-16-gemv,"moe_gate_up_q4k(float *, const float *, const int *, const char *, const char *, const char *, const char *, unsigned int, unsigned int, unsigned int, unsigned int, unsigned int, unsigned long, unsigned long)",0,lts__t_bytes.sum,byte,336727808.0
ncu-moe-16-gemv,"moe_gate_up_q4k(float *, const float *, const int *, const char *, const char *, const char *, const char *, unsigned int, unsigned int, unsigned int, unsigned int, unsigned int, unsigned long, unsigned long)",0,lts__t_sector_hit_rate.pct,%,12.32
ncu-moe-16-gemv,"moe_down_mxfp4(float *, const float *, const int *, const char *, const char *, unsigned int, unsigned int, unsigned int, unsigned int, unsigned int, unsigned long, unsigned long)",1,dram__bytes_op_read.sum,byte,139382272.0
ncu-moe-16-gemv,"moe_down_mxfp4(float *, const float *, const int *, const char *, const char *, unsigned int, unsigned int, unsigned int, unsigned int, unsigned int, unsigned long, unsigned long)",1,gpu__time_duration.sum,ns,129856.0
ncu-moe-16-gemv,"moe_down_mxfp4(float *, const float *, const int *, const char *, const char *, unsigned int, unsigned int, unsigned int, unsigned int, unsigned int, unsigned long, unsigned long)",1,lts__t_bytes.sum,byte,237369184.0
ncu-moe-16-gemv,"moe_down_mxfp4(float *, const float *, const int *, const char *, const char *, unsigned int, unsigned int, unsigned int, unsigned int, unsigned int, unsigned long, unsigned long)",1,lts__t_sector_hit_rate.pct,%,70.93
ncu-moe-16-grouped,"void moe_grouped<0>(float *, const float *, const int *, const int *, const int *, const char *, const char *, unsigned int, unsigned int, unsigned int, unsigned int, unsigned int, unsigned long)",0,dram__bytes_op_read.sum,byte,295033600.0
ncu-moe-16-grouped,"void moe_grouped<0>(float *, const float *, const int *, const int *, const int *, const char *, const char *, unsigned int, unsigned int, unsigned int, unsigned int, unsigned int, unsigned long)",0,gpu__time_duration.sum,ns,205280.0
ncu-moe-16-grouped,"void moe_grouped<0>(float *, const float *, const int *, const int *, const int *, const char *, const char *, unsigned int, unsigned int, unsigned int, unsigned int, unsigned int, unsigned long)",0,lts__t_bytes.sum,byte,334898176.0
ncu-moe-16-grouped,"void moe_grouped<0>(float *, const float *, const int *, const int *, const int *, const char *, const char *, unsigned int, unsigned int, unsigned int, unsigned int, unsigned int, unsigned long)",0,lts__t_sector_hit_rate.pct,%,11.8
ncu-moe-16-grouped,"void moe_grouped<1>(float *, const float *, const int *, const int *, const int *, const char *, const char *, unsigned int, unsigned int, unsigned int, unsigned int, unsigned int, unsigned long)",1,dram__bytes_op_read.sum,byte,139392256.0
ncu-moe-16-grouped,"void moe_grouped<1>(float *, const float *, const int *, const int *, const int *, const char *, const char *, unsigned int, unsigned int, unsigned int, unsigned int, unsigned int, unsigned long)",1,gpu__time_duration.sum,ns,167744.0
ncu-moe-16-grouped,"void moe_grouped<1>(float *, const float *, const int *, const int *, const int *, const char *, const char *, unsigned int, unsigned int, unsigned int, unsigned int, unsigned int, unsigned long)",1,lts__t_bytes.sum,byte,231547424.0
ncu-moe-16-grouped,"void moe_grouped<1>(float *, const float *, const int *, const int *, const int *, const char *, const char *, unsigned int, unsigned int, unsigned int, unsigned int, unsigned int, unsigned long)",1,lts__t_sector_hit_rate.pct,%,70.46
ncu-moe-8-gemv,"moe_gate_up_q4k(float *, const float *, const int *, const char *, const char *, const char *, const char *, unsigned int, unsigned int, unsigned int, unsigned int, unsigned int, unsigned long, unsigned long)",0,dram__bytes_op_read.sum,byte,251927552.0
ncu-moe-8-gemv,"moe_gate_up_q4k(float *, const float *, const int *, const char *, const char *, const char *, const char *, unsigned int, unsigned int, unsigned int, unsigned int, unsigned int, unsigned long, unsigned long)",0,gpu__time_duration.sum,ns,186304.0
ncu-moe-8-gemv,"moe_gate_up_q4k(float *, const float *, const int *, const char *, const char *, const char *, const char *, unsigned int, unsigned int, unsigned int, unsigned int, unsigned int, unsigned long, unsigned long)",0,lts__t_bytes.sum,byte,337085984.0
ncu-moe-8-gemv,"moe_gate_up_q4k(float *, const float *, const int *, const char *, const char *, const char *, const char *, unsigned int, unsigned int, unsigned int, unsigned int, unsigned int, unsigned long, unsigned long)",0,lts__t_sector_hit_rate.pct,%,36.79
ncu-moe-8-gemv,"moe_down_mxfp4(float *, const float *, const int *, const char *, const char *, unsigned int, unsigned int, unsigned int, unsigned int, unsigned int, unsigned long, unsigned long)",1,dram__bytes_op_read.sum,byte,69646848.0
ncu-moe-8-gemv,"moe_down_mxfp4(float *, const float *, const int *, const char *, const char *, unsigned int, unsigned int, unsigned int, unsigned int, unsigned int, unsigned long, unsigned long)",1,gpu__time_duration.sum,ns,120864.0
ncu-moe-8-gemv,"moe_down_mxfp4(float *, const float *, const int *, const char *, const char *, unsigned int, unsigned int, unsigned int, unsigned int, unsigned int, unsigned long, unsigned long)",1,lts__t_bytes.sum,byte,239369248.0
ncu-moe-8-gemv,"moe_down_mxfp4(float *, const float *, const int *, const char *, const char *, unsigned int, unsigned int, unsigned int, unsigned int, unsigned int, unsigned long, unsigned long)",1,lts__t_sector_hit_rate.pct,%,99.44
ncu-moe-8-grouped,"void moe_grouped<0>(float *, const float *, const int *, const int *, const int *, const char *, const char *, unsigned int, unsigned int, unsigned int, unsigned int, unsigned int, unsigned long)",0,dram__bytes_op_read.sum,byte,147532544.0
ncu-moe-8-grouped,"void moe_grouped<0>(float *, const float *, const int *, const int *, const int *, const char *, const char *, unsigned int, unsigned int, unsigned int, unsigned int, unsigned int, unsigned long)",0,gpu__time_duration.sum,ns,134080.0
ncu-moe-8-grouped,"void moe_grouped<0>(float *, const float *, const int *, const int *, const int *, const char *, const char *, unsigned int, unsigned int, unsigned int, unsigned int, unsigned int, unsigned long)",0,lts__t_bytes.sum,byte,194223072.0
ncu-moe-8-grouped,"void moe_grouped<0>(float *, const float *, const int *, const int *, const int *, const char *, const char *, unsigned int, unsigned int, unsigned int, unsigned int, unsigned int, unsigned long)",0,lts__t_sector_hit_rate.pct,%,44.39
ncu-moe-8-grouped,"void moe_grouped<1>(float *, const float *, const int *, const int *, const int *, const char *, const char *, unsigned int, unsigned int, unsigned int, unsigned int, unsigned int, unsigned long)",1,dram__bytes_op_read.sum,byte,69656320.0
ncu-moe-8-grouped,"void moe_grouped<1>(float *, const float *, const int *, const int *, const int *, const char *, const char *, unsigned int, unsigned int, unsigned int, unsigned int, unsigned int, unsigned long)",1,gpu__time_duration.sum,ns,131168.0
ncu-moe-8-grouped,"void moe_grouped<1>(float *, const float *, const int *, const int *, const int *, const char *, const char *, unsigned int, unsigned int, unsigned int, unsigned int, unsigned int, unsigned long)",1,lts__t_bytes.sum,byte,154610976.0
ncu-moe-8-grouped,"void moe_grouped<1>(float *, const float *, const int *, const int *, const int *, const char *, const char *, unsigned int, unsigned int, unsigned int, unsigned int, unsigned int, unsigned long)",1,lts__t_sector_hit_rate.pct,%,103.01
ncu-moe-serial-16-gemv,"moe_gate_up_q4k(float *, const float *, const int *, const char *, const char *, const char *, const char *, unsigned int, unsigned int, unsigned int, unsigned int, unsigned int, unsigned long, unsigned long)",0,dram__bytes_op_read.sum,byte,295030272.0
ncu-moe-serial-16-gemv,"moe_gate_up_q4k(float *, const float *, const int *, const char *, const char *, const char *, const char *, unsigned int, unsigned int, unsigned int, unsigned int, unsigned int, unsigned long, unsigned long)",0,gpu__time_duration.sum,ns,197824.0
ncu-moe-serial-16-gemv,"moe_gate_up_q4k(float *, const float *, const int *, const char *, const char *, const char *, const char *, unsigned int, unsigned int, unsigned int, unsigned int, unsigned int, unsigned long, unsigned long)",0,lts__t_bytes.sum,byte,336482272.0
ncu-moe-serial-16-gemv,"moe_gate_up_q4k(float *, const float *, const int *, const char *, const char *, const char *, const char *, unsigned int, unsigned int, unsigned int, unsigned int, unsigned int, unsigned long, unsigned long)",0,lts__t_sector_hit_rate.pct,%,12.28
ncu-moe-serial-16-gemv,"moe_down_mxfp4(float *, const float *, const int *, const char *, const char *, unsigned int, unsigned int, unsigned int, unsigned int, unsigned int, unsigned long, unsigned long)",1,dram__bytes_op_read.sum,byte,139403008.0
ncu-moe-serial-16-gemv,"moe_down_mxfp4(float *, const float *, const int *, const char *, const char *, unsigned int, unsigned int, unsigned int, unsigned int, unsigned int, unsigned long, unsigned long)",1,gpu__time_duration.sum,ns,127584.0
ncu-moe-serial-16-gemv,"moe_down_mxfp4(float *, const float *, const int *, const char *, const char *, unsigned int, unsigned int, unsigned int, unsigned int, unsigned int, unsigned long, unsigned long)",1,lts__t_bytes.sum,byte,238276544.0
ncu-moe-serial-16-gemv,"moe_down_mxfp4(float *, const float *, const int *, const char *, const char *, unsigned int, unsigned int, unsigned int, unsigned int, unsigned int, unsigned long, unsigned long)",1,lts__t_sector_hit_rate.pct,%,70.55
ncu-moe-serial-16-grouped,"void moe_grouped<0>(float *, const float *, const int *, const int *, const int *, const char *, const char *, unsigned int, unsigned int, unsigned int, unsigned int, unsigned int, unsigned long)",0,dram__bytes_op_read.sum,byte,295034368.0
ncu-moe-serial-16-grouped,"void moe_grouped<0>(float *, const float *, const int *, const int *, const int *, const char *, const char *, unsigned int, unsigned int, unsigned int, unsigned int, unsigned int, unsigned long)",0,gpu__time_duration.sum,ns,206176.0
ncu-moe-serial-16-grouped,"void moe_grouped<0>(float *, const float *, const int *, const int *, const int *, const char *, const char *, unsigned int, unsigned int, unsigned int, unsigned int, unsigned int, unsigned long)",0,lts__t_bytes.sum,byte,334753408.0
ncu-moe-serial-16-grouped,"void moe_grouped<0>(float *, const float *, const int *, const int *, const int *, const char *, const char *, unsigned int, unsigned int, unsigned int, unsigned int, unsigned int, unsigned long)",0,lts__t_sector_hit_rate.pct,%,11.85
ncu-moe-serial-16-grouped,"void moe_grouped<1>(float *, const float *, const int *, const int *, const int *, const char *, const char *, unsigned int, unsigned int, unsigned int, unsigned int, unsigned int, unsigned long)",1,dram__bytes_op_read.sum,byte,139390464.0
ncu-moe-serial-16-grouped,"void moe_grouped<1>(float *, const float *, const int *, const int *, const int *, const char *, const char *, unsigned int, unsigned int, unsigned int, unsigned int, unsigned int, unsigned long)",1,gpu__time_duration.sum,ns,168704.0
ncu-moe-serial-16-grouped,"void moe_grouped<1>(float *, const float *, const int *, const int *, const int *, const char *, const char *, unsigned int, unsigned int, unsigned int, unsigned int, unsigned int, unsigned long)",1,lts__t_bytes.sum,byte,231292832.0
ncu-moe-serial-16-grouped,"void moe_grouped<1>(float *, const float *, const int *, const int *, const int *, const char *, const char *, unsigned int, unsigned int, unsigned int, unsigned int, unsigned int, unsigned long)",1,lts__t_sector_hit_rate.pct,%,70.23
ncu-moe-serial-8-gemv,"moe_gate_up_q4k(float *, const float *, const int *, const char *, const char *, const char *, const char *, unsigned int, unsigned int, unsigned int, unsigned int, unsigned int, unsigned long, unsigned long)",0,dram__bytes_op_read.sum,byte,251973120.0
ncu-moe-serial-8-gemv,"moe_gate_up_q4k(float *, const float *, const int *, const char *, const char *, const char *, const char *, unsigned int, unsigned int, unsigned int, unsigned int, unsigned int, unsigned long, unsigned long)",0,gpu__time_duration.sum,ns,185952.0
ncu-moe-serial-8-gemv,"moe_gate_up_q4k(float *, const float *, const int *, const char *, const char *, const char *, const char *, unsigned int, unsigned int, unsigned int, unsigned int, unsigned int, unsigned long, unsigned long)",0,lts__t_bytes.sum,byte,336676224.0
ncu-moe-serial-8-gemv,"moe_gate_up_q4k(float *, const float *, const int *, const char *, const char *, const char *, const char *, unsigned int, unsigned int, unsigned int, unsigned int, unsigned int, unsigned long, unsigned long)",0,lts__t_sector_hit_rate.pct,%,36.78
ncu-moe-serial-8-gemv,"moe_down_mxfp4(float *, const float *, const int *, const char *, const char *, unsigned int, unsigned int, unsigned int, unsigned int, unsigned int, unsigned long, unsigned long)",1,dram__bytes_op_read.sum,byte,69646848.0
ncu-moe-serial-8-gemv,"moe_down_mxfp4(float *, const float *, const int *, const char *, const char *, unsigned int, unsigned int, unsigned int, unsigned int, unsigned int, unsigned long, unsigned long)",1,gpu__time_duration.sum,ns,120832.0
ncu-moe-serial-8-gemv,"moe_down_mxfp4(float *, const float *, const int *, const char *, const char *, unsigned int, unsigned int, unsigned int, unsigned int, unsigned int, unsigned long, unsigned long)",1,lts__t_bytes.sum,byte,238918272.0
ncu-moe-serial-8-gemv,"moe_down_mxfp4(float *, const float *, const int *, const char *, const char *, unsigned int, unsigned int, unsigned int, unsigned int, unsigned int, unsigned long, unsigned long)",1,lts__t_sector_hit_rate.pct,%,99.55
ncu-moe-serial-8-grouped,"void moe_grouped<0>(float *, const float *, const int *, const int *, const int *, const char *, const char *, unsigned int, unsigned int, unsigned int, unsigned int, unsigned int, unsigned long)",0,dram__bytes_op_read.sum,byte,147522816.0
ncu-moe-serial-8-grouped,"void moe_grouped<0>(float *, const float *, const int *, const int *, const int *, const char *, const char *, unsigned int, unsigned int, unsigned int, unsigned int, unsigned int, unsigned long)",0,gpu__time_duration.sum,ns,134368.0
ncu-moe-serial-8-grouped,"void moe_grouped<0>(float *, const float *, const int *, const int *, const int *, const char *, const char *, unsigned int, unsigned int, unsigned int, unsigned int, unsigned int, unsigned long)",0,lts__t_bytes.sum,byte,187417760.0
ncu-moe-serial-8-grouped,"void moe_grouped<0>(float *, const float *, const int *, const int *, const int *, const char *, const char *, unsigned int, unsigned int, unsigned int, unsigned int, unsigned int, unsigned long)",0,lts__t_sector_hit_rate.pct,%,42.65
ncu-moe-serial-8-grouped,"void moe_grouped<1>(float *, const float *, const int *, const int *, const int *, const char *, const char *, unsigned int, unsigned int, unsigned int, unsigned int, unsigned int, unsigned long)",1,dram__bytes_op_read.sum,byte,69666560.0
ncu-moe-serial-8-grouped,"void moe_grouped<1>(float *, const float *, const int *, const int *, const int *, const char *, const char *, unsigned int, unsigned int, unsigned int, unsigned int, unsigned int, unsigned long)",1,gpu__time_duration.sum,ns,135776.0
ncu-moe-serial-8-grouped,"void moe_grouped<1>(float *, const float *, const int *, const int *, const int *, const char *, const char *, unsigned int, unsigned int, unsigned int, unsigned int, unsigned int, unsigned long)",1,lts__t_bytes.sum,byte,157439328.0
ncu-moe-serial-8-grouped,"void moe_grouped<1>(float *, const float *, const int *, const int *, const int *, const char *, const char *, unsigned int, unsigned int, unsigned int, unsigned int, unsigned int, unsigned long)",1,lts__t_sector_hit_rate.pct,%,102.64
