rows,cache,policy,trials,wall_median_ms,wall_p95_ms,cpu_median_ms,mean_read_bytes
16,warm,pool,40,0.004941,0.005,0.0051005,0
16,warm,spawn,40,0.004929,0.005,0.005085,0
32,warm,pool,40,0.007461,0.007779,0.00759,0
32,warm,spawn,40,0.00761,0.00764,0.00773,0
128,warm,pool,40,0.029894999999999998,0.03495,0.030025,0
128,warm,spawn,40,0.030545000000000003,0.03119,0.030675,0
255,warm,pool,40,0.06012,0.091349,0.060245,0
255,warm,spawn,40,0.0602295,0.07077,0.0603705,0
256,warm,pool,40,0.1176705,0.12485,0.6926075,0
256,warm,spawn,40,0.425179,0.466328,0.866293,0
512,warm,pool,40,0.1686895,0.174299,1.423525,0
512,warm,spawn,40,0.43762900000000005,0.474869,0.990396,0
1024,warm,pool,40,0.2741345,0.28366,2.909437,0
1024,warm,spawn,40,0.481384,0.532648,1.5723505,0
16,cold,pool,40,0.2713645,0.281279,0.1786955,73728
16,cold,spawn,40,0.270224,0.274539,0.177924,73728
32,cold,pool,40,0.401899,0.435909,0.3609605,139264
32,cold,spawn,40,0.40402899999999997,0.422418,0.358395,139264
128,cold,pool,40,1.6241155,1.692405,1.2642975,557056
128,cold,spawn,40,1.6157664999999999,1.667826,1.1577955,557056
255,cold,pool,40,2.9555565,3.066932,1.8613784999999998,1105920
255,cold,spawn,40,2.8814919999999997,2.984831,1.2406305,1105920
256,cold,pool,40,3.408921,3.53178,3.6633345,1114112
256,cold,spawn,40,3.5922555000000003,3.652069,2.5663584999999998,1114112
512,cold,pool,40,5.6040755,5.749414,6.6279965,2228224
512,cold,spawn,40,5.5756499999999996,5.750055,3.9406895,2228224
1024,cold,pool,40,10.248472,10.438901,12.327624,4456448
1024,cold,spawn,40,10.1058475,10.316964,9.667711,4456448
