run,type,K,M,T,median_us,min_us,max_us,relative_error
matrix-1-10240-320-16-default,1,10240,320,16,6.078,6.053,6.105,2.60270107e-07
matrix-1-10240-320-16-gemv,1,10240,320,16,31.671,31.643,31.744,0
matrix-1-10240-320-24-default,1,10240,320,24,7.426,7.413,7.466,2.60270107e-07
matrix-1-10240-320-24-gemv,1,10240,320,24,48.860,48.778,48.928,0
matrix-1-10240-320-25-default,1,10240,320,25,8.709,8.682,8.769,2.60270107e-07
matrix-1-10240-320-25-gemv,1,10240,320,25,52.745,52.617,52.790,0
matrix-1-10240-320-4-default,1,10240,320,4,5.103,5.060,5.130,2.36711625e-07
matrix-1-10240-320-4-gemv,1,10240,320,4,7.974,7.965,7.983,0
matrix-1-10240-320-8-default,1,10240,320,8,4.704,4.698,4.741,2.36711625e-07
matrix-1-10240-320-8-gemv,1,10240,320,8,14.959,14.948,14.977,0
matrix-1-320-10240-16-default,1,320,10240,16,13.800,13.785,13.836,0
matrix-1-320-10240-16-gemv,1,320,10240,16,13.798,13.793,13.868,0
matrix-1-320-10240-24-default,1,320,10240,24,20.375,20.361,20.409,0
matrix-1-320-10240-24-gemv,1,320,10240,24,20.440,20.374,20.467,0
matrix-1-320-10240-25-default,1,320,10240,25,23.055,23.023,23.067,0
matrix-1-320-10240-25-gemv,1,320,10240,25,23.129,23.059,23.168,0
matrix-1-320-10240-4-default,1,320,10240,4,4.625,4.612,4.647,0
matrix-1-320-10240-4-gemv,1,320,10240,4,4.589,4.578,4.646,0
matrix-1-320-10240-8-default,1,320,10240,8,6.648,6.627,6.661,0
matrix-1-320-10240-8-gemv,1,320,10240,8,6.625,6.618,6.650,0
matrix-8-2560-512-16-default,8,2560,512,16,4.716,4.707,4.757,1.52492618e-07
matrix-8-2560-512-16-gemv,8,2560,512,16,10.482,10.463,10.502,0
matrix-8-2560-512-24-default,8,2560,512,24,4.702,4.689,4.725,1.52492618e-07
matrix-8-2560-512-24-gemv,8,2560,512,24,15.667,15.648,15.756,0
matrix-8-2560-512-25-default,8,2560,512,25,5.405,5.360,5.433,1.52492618e-07
matrix-8-2560-512-25-gemv,8,2560,512,25,17.466,17.409,17.565,0
matrix-8-2560-512-4-default,8,2560,512,4,2.875,2.867,2.913,0
matrix-8-2560-512-4-gemv,8,2560,512,4,2.878,2.864,2.912,0
matrix-8-2560-512-8-default,8,2560,512,8,4.146,4.012,4.519,1.70771501e-07
matrix-8-2560-512-8-gemv,8,2560,512,8,5.252,5.220,5.295,0
matrix-8-2560-640-16-default,8,2560,640,16,4.894,4.865,4.977,1.41259887e-07
matrix-8-2560-640-16-gemv,8,2560,640,16,10.829,10.811,10.845,0
matrix-8-2560-640-24-default,8,2560,640,24,5.156,5.133,5.200,1.28249012e-07
matrix-8-2560-640-24-gemv,8,2560,640,24,16.207,16.182,16.259,0
matrix-8-2560-640-25-default,8,2560,640,25,5.802,5.796,5.818,1.28249012e-07
matrix-8-2560-640-25-gemv,8,2560,640,25,18.002,17.935,18.032,0
matrix-8-2560-640-4-default,8,2560,640,4,3.038,3.025,3.062,0
matrix-8-2560-640-4-gemv,8,2560,640,4,3.030,3.015,3.059,0
matrix-8-2560-640-8-default,8,2560,640,8,4.183,4.066,4.334,1.53267921e-07
matrix-8-2560-640-8-gemv,8,2560,640,8,5.439,5.428,5.471,0
matrix-8-640-2560-16-default,8,640,2560,16,3.779,3.747,3.833,2.07161061e-07
matrix-8-640-2560-16-gemv,8,640,2560,16,9.532,9.520,9.560,0
matrix-8-640-2560-24-default,8,640,2560,24,5.145,5.121,5.211,2.07161061e-07
matrix-8-640-2560-24-gemv,8,640,2560,24,14.136,14.128,14.159,0
matrix-8-640-2560-25-default,8,640,2560,25,5.581,5.533,5.705,2.07161061e-07
matrix-8-640-2560-25-gemv,8,640,2560,25,15.975,15.970,16.018,0
matrix-8-640-2560-4-default,8,640,2560,4,2.974,2.910,3.003,1.4222115e-07
matrix-8-640-2560-4-gemv,8,640,2560,4,2.974,2.963,3.019,0
matrix-8-640-2560-8-default,8,640,2560,8,3.417,3.393,3.436,2.13331725e-07
matrix-8-640-2560-8-gemv,8,640,2560,8,4.948,4.934,4.983,0
matrix-head-248320-16-baseline,8,2560,248320,16,891.958,761.623,984.698,2.28400089e-07
matrix-head-248320-16-candidate,8,2560,248320,16,716.262,573.413,803.321,2.28400089e-07
matrix-head-248320-4-baseline,8,2560,248320,4,503.455,426.470,601.751,0
matrix-head-248320-4-candidate,8,2560,248320,4,513.101,426.509,605.283,0
matrix-head-248320-8-baseline,8,2560,248320,8,894.586,704.094,986.970,0
matrix-head-248320-8-candidate,8,2560,248320,8,893.200,703.810,985.590,0
matrix-head-65536-16-baseline,8,2560,65536,16,205.833,205.552,209.572,2.30699426e-07
matrix-head-65536-16-candidate,8,2560,65536,16,158.264,157.980,158.559,2.30699426e-07
matrix-head-65536-4-baseline,8,2560,65536,4,116.368,116.289,116.468,0
matrix-head-65536-4-candidate,8,2560,65536,4,116.366,116.212,116.438,0
matrix-head-65536-8-baseline,8,2560,65536,8,188.737,188.246,188.887,0
matrix-head-65536-8-candidate,8,2560,65536,8,188.678,188.138,191.535,0
