variant,id,baseline_avg_nll,diagnostic_avg_nll,delta_nll
crossover,case_039,0.303358599,0.303648055,0.00028945599999996574
crossover,case_040,0.336120969,0.335437273,-0.0006836960000000114
crossover,case_046,0.320601974,0.320620058,1.8083999999973788e-05
crossover,case_053,0.253962208,0.256597895,0.0026356869999999977
crossover,case_059,0.246020058,0.245972476,-4.758200000001822e-05
crossover,case_068,0.282207995,0.282224700,1.6705000000005743e-05
crossover,case_077,0.277848119,0.278475456,0.0006273370000000056
crossover,case_079,0.451478747,0.451490133,1.1386000000002117e-05
arithmetic,case_039,0.303358599,0.303358599,0.0
arithmetic,case_040,0.336120969,0.336120969,0.0
arithmetic,case_046,0.320601974,0.320601974,0.0
arithmetic,case_053,0.253962208,0.253962208,0.0
arithmetic,case_059,0.246020058,0.246020058,0.0
arithmetic,case_068,0.282207995,0.282207995,0.0
arithmetic,case_077,0.277848119,0.277848119,0.0
arithmetic,case_079,0.451478747,0.451478747,0.0
