run,model,concurrency,ctx,status,prefill_tps,last_ttft_s,decode_agg_tps,decode_stream_tps,decode_wall_tps,step_ms_mean,step_ms_p50,step_ms_p95,step_ms_max,mixed_step_ms_p50,mixed_step_ms_p95,mixed_decode_tps,mixed_prefill_tps,estimate_gib,predicted_gib,footprint_gib,tokens_per_cycle,control_tps,candidate_tps,control_wall_tps,candidate_wall_tps
ab-group-experts,Qwen3.8 Flash Next,8,256,ok,1737.89,1.178,435.40,54.42,425.61,18.374,18.362,18.574,18.763,0.000,0.000,0.00,0.00,6.25,1.01,1.01,1.000000,422.999,425.648,413.766,416.282
ab-group-experts,Qwen3.8 Flash Next,16,256,ok,1797.12,2.279,577.72,36.11,560.58,27.695,27.719,28.087,28.283,0.000,0.000,0.00,0.00,12.49,1.18,1.18,1.000000,565.250,537.242,548.813,522.403
ab-row-batch,Qwen3.8 Flash Next,8,256,ok,1741.34,1.176,429.75,53.72,420.19,18.615,18.483,18.847,31.747,0.000,0.000,0.00,0.00,6.25,1.01,1.01,1.000000,414.024,381.478,405.096,373.925
ab-row-batch,Qwen3.8 Flash Next,16,256,ok,1800.76,2.275,579.31,36.21,561.92,27.619,27.589,28.147,28.169,0.000,0.000,0.00,0.00,12.49,1.18,1.18,1.000000,554.888,493.669,538.839,480.807
ab-shared-dense-only,Qwen3.8 Flash Next,8,256,ok,1749.08,1.171,418.60,52.33,409.77,19.111,18.972,19.486,32.186,0.000,0.000,0.00,0.00,6.25,1.01,1.01,1.000000,415.269,412.536,406.584,403.982
ab-shared-dense-only,Qwen3.8 Flash Next,16,256,ok,1809.45,2.264,526.14,32.88,512.00,30.410,30.398,30.957,43.051,0.000,0.000,0.00,0.00,12.49,1.18,1.18,1.000000,522.227,509.813,508.261,496.427
ab-shared-expert,Qwen3.8 Flash Next,8,256,ok,1740.21,1.177,436.11,54.51,426.19,18.344,18.347,18.603,18.790,0.000,0.000,0.00,0.00,6.25,1.01,1.01,1.000000,423.263,421.859,413.910,412.562
ab-shared-expert,Qwen3.8 Flash Next,16,256,ok,1798.74,2.277,578.18,36.14,560.85,27.673,27.695,28.133,28.313,0.000,0.000,0.00,0.00,12.49,1.18,1.18,1.000000,563.331,519.979,546.893,505.934
ab-single-gpu-verify,Qwen3.8 Flash Next,1,256,ok,1315.22,0.195,138.86,138.86,138.86,9.621,9.415,9.647,32.258,0.000,0.000,0.00,0.00,0.85,0.93,0.93,1.335938,193.209,202.912,193.202,201.880
sessions-long-mtp-baseline-0,Qwen3.8 Flash Next,1,4096,ok,2233.58,1.834,136.89,136.89,136.21,10.159,10.243,10.482,10.598,0.000,0.000,0.00,0.00,0.90,1.00,1.00,,,,,
sessions-long-mtp-baseline-3,Qwen3.8 Flash Next,1,4096,ok,2236.48,1.831,141.45,141.45,140.73,9.831,9.827,9.902,9.946,0.000,0.000,0.00,0.00,0.90,1.00,1.00,,,,,
sessions-long-mtp-candidate-1,Qwen3.8 Flash Next,1,4096,ok,2239.01,1.829,146.12,146.12,146.12,9.517,9.515,9.591,9.612,0.000,0.000,0.00,0.00,0.90,1.00,1.00,1.390625,0.000,0.000,0.000,0.000
sessions-long-mtp-candidate-2,Qwen3.8 Flash Next,1,4096,ok,2240.95,1.828,146.19,146.19,146.18,9.513,9.507,9.586,9.604,0.000,0.000,0.00,0.00,0.90,1.00,1.00,1.390625,0.000,0.000,0.000,0.000
sessions-long-plain-baseline-0,Qwen3.8 Flash Next,1,4096,ok,1793.51,2.284,122.88,122.88,122.06,8.138,8.183,8.285,8.337,0.000,0.000,0.00,0.00,0.90,0.99,0.99,,,,,
sessions-long-plain-baseline-3,Qwen3.8 Flash Next,1,4096,ok,2230.62,1.836,129.78,129.78,128.87,7.705,7.702,7.737,7.769,0.000,0.000,0.00,0.00,0.90,0.99,0.99,,,,,
sessions-long-plain-candidate-1,Qwen3.8 Flash Next,1,4096,ok,2225.84,1.840,134.48,134.48,133.51,7.436,7.432,7.469,7.481,0.000,0.000,0.00,0.00,0.90,0.99,0.99,1.000000,0.000,0.000,0.000,0.000
sessions-long-plain-candidate-2,Qwen3.8 Flash Next,1,4096,ok,2232.63,1.835,134.49,134.49,133.51,7.436,7.432,7.468,7.478,0.000,0.000,0.00,0.00,0.90,0.99,0.99,1.000000,0.000,0.000,0.000,0.000
sessions-mtp-cold-baseline,Qwen3.8 Flash Next,1,256,ok,1047.31,0.244,133.38,133.38,132.73,10.367,10.358,10.491,10.539,0.000,0.000,0.00,0.00,0.78,0.86,0.86,,,,,
sessions-mtp-cold-baseline,Qwen3.8 Flash Next,8,256,ok,1462.73,1.400,345.18,43.15,339.42,23.946,22.851,38.335,41.897,0.000,0.000,0.00,0.00,6.23,0.99,0.99,,,,,
sessions-mtp-cold-baseline,Qwen3.8 Flash Next,16,256,ok,1481.40,2.765,390.14,24.38,382.75,42.233,40.080,71.301,79.745,0.000,0.000,0.00,0.00,12.47,1.15,1.15,,,,,
sessions-mtp-cold-candidate,Qwen3.8 Flash Next,1,256,ok,1042.24,0.246,137.50,137.50,137.49,10.057,10.028,10.172,13.551,0.000,0.000,0.00,0.00,0.78,0.86,0.86,1.382812,0.000,0.000,0.000,0.000
sessions-mtp-cold-candidate,Qwen3.8 Flash Next,8,256,ok,1433.66,1.429,419.90,52.49,419.89,19.685,19.054,27.418,30.436,0.000,0.000,0.00,0.00,6.23,0.99,0.99,1.033203,0.000,0.000,0.000,0.000
sessions-mtp-cold-candidate,Qwen3.8 Flash Next,16,256,ok,1480.67,2.766,554.47,34.65,554.47,29.730,28.631,44.238,47.450,0.000,0.000,0.00,0.00,12.47,1.15,1.15,1.030273,0.000,0.000,0.000,0.000
sessions-mtp-warm-baseline,Qwen3.8 Flash Next,1,256,ok,1317.53,0.194,142.02,142.02,141.28,9.737,9.731,9.818,9.848,0.000,0.000,0.00,0.00,0.78,0.86,0.86,,,,,
sessions-mtp-warm-baseline,Qwen3.8 Flash Next,8,256,ok,1814.93,1.128,344.38,43.05,338.67,24.002,22.035,37.830,81.726,0.000,0.000,0.00,0.00,6.23,0.99,0.99,,,,,
sessions-mtp-warm-baseline,Qwen3.8 Flash Next,16,256,ok,1806.04,2.268,393.04,24.57,385.54,41.920,39.404,71.939,97.710,0.000,0.000,0.00,0.00,12.47,1.15,1.15,,,,,
sessions-mtp-warm-candidate,Qwen3.8 Flash Next,1,256,ok,1314.49,0.195,146.43,146.43,146.43,9.443,9.434,9.528,10.027,0.000,0.000,0.00,0.00,0.78,0.86,0.86,1.382812,0.000,0.000,0.000,0.000
sessions-mtp-warm-candidate,Qwen3.8 Flash Next,8,256,ok,1814.97,1.128,434.14,54.27,434.13,19.039,18.420,26.557,28.935,0.000,0.000,0.00,0.00,6.23,0.99,0.99,1.033203,0.000,0.000,0.000,0.000
sessions-mtp-warm-candidate,Qwen3.8 Flash Next,16,256,ok,1808.23,2.265,576.04,36.00,576.03,28.617,27.552,42.867,45.859,0.000,0.000,0.00,0.00,12.47,1.15,1.15,1.030273,0.000,0.000,0.000,0.000
sessions-plain-cold-baseline,Qwen3.8 Flash Next,1,256,ok,1038.55,0.246,127.07,127.07,126.23,7.870,7.863,7.973,8.034,0.000,0.000,0.00,0.00,0.77,0.85,0.85,,,,,
sessions-plain-cold-baseline,Qwen3.8 Flash Next,8,256,ok,1457.02,1.406,352.54,44.07,345.97,22.692,22.710,23.063,23.341,0.000,0.000,0.00,0.00,6.20,0.95,0.95,,,,,
sessions-plain-cold-baseline,Qwen3.8 Flash Next,16,256,ok,1472.41,2.782,405.76,25.36,397.12,39.432,39.422,40.035,41.232,0.000,0.000,0.00,0.00,12.39,1.07,1.07,,,,,
sessions-plain-cold-candidate,Qwen3.8 Flash Next,1,256,ok,1044.33,0.245,131.27,131.27,130.38,7.618,7.582,7.713,11.400,0.000,0.000,0.00,0.00,0.77,0.85,0.85,1.000000,0.000,0.000,0.000,0.000
sessions-plain-cold-candidate,Qwen3.8 Flash Next,8,256,ok,1461.22,1.402,413.65,51.71,404.59,19.340,19.325,19.843,20.075,0.000,0.000,0.00,0.00,6.20,0.95,0.95,1.000000,0.000,0.000,0.000,0.000
sessions-plain-cold-candidate,Qwen3.8 Flash Next,16,256,ok,1453.87,2.817,549.48,34.34,533.72,29.118,29.172,29.621,30.243,0.000,0.000,0.00,0.00,12.39,1.07,1.07,1.000000,0.000,0.000,0.000,0.000
sessions-plain-warm-baseline,Qwen3.8 Flash Next,1,256,ok,1305.31,0.196,135.62,135.62,134.62,7.374,7.370,7.406,7.417,0.000,0.000,0.00,0.00,0.77,0.85,0.85,,,,,
sessions-plain-warm-baseline,Qwen3.8 Flash Next,8,256,ok,1821.66,1.124,361.62,45.20,354.73,22.123,21.781,22.380,35.962,0.000,0.000,0.00,0.00,6.20,0.95,0.95,,,,,
sessions-plain-warm-baseline,Qwen3.8 Flash Next,16,256,ok,1797.44,2.279,413.98,25.87,405.09,38.649,38.006,38.754,97.193,0.000,0.000,0.00,0.00,12.39,1.07,1.07,,,,,
sessions-plain-warm-candidate,Qwen3.8 Flash Next,1,256,ok,1315.45,0.195,140.90,140.90,139.86,7.097,7.091,7.127,7.165,0.000,0.000,0.00,0.00,0.77,0.85,0.85,1.000000,0.000,0.000,0.000,0.000
sessions-plain-warm-candidate,Qwen3.8 Flash Next,8,256,ok,1817.26,1.127,430.77,53.85,420.98,18.571,18.576,18.984,19.262,0.000,0.000,0.00,0.00,6.20,0.95,0.95,1.000000,0.000,0.000,0.000,0.000
sessions-plain-warm-candidate,Qwen3.8 Flash Next,16,256,ok,1795.15,2.282,576.27,36.02,558.92,27.765,27.781,28.252,28.369,0.000,0.000,0.00,0.00,12.39,1.07,1.07,1.000000,0.000,0.000,0.000,0.000
