run,prefill_tps,output_tokens_per_ms,generation_tps,verify_cycles,first_drafts_accepted,first_draft_accept_percent,stdout_sha256
cli-code-mtp-baseline-0,512.85,0.18696000000000002,186.96,133,120,90.2,379fed6e022db342b6568bae75527dd346f11a8e50582b2439c2fac34571c662
cli-code-mtp-baseline-3,560.67,0.1996,199.6,133,120,90.2,379fed6e022db342b6568bae75527dd346f11a8e50582b2439c2fac34571c662
cli-code-mtp-candidate-1,517.07,0.19618,196.18,133,120,90.2,379fed6e022db342b6568bae75527dd346f11a8e50582b2439c2fac34571c662
cli-code-mtp-candidate-2,558.7,0.20736000000000002,207.36,133,120,90.2,379fed6e022db342b6568bae75527dd346f11a8e50582b2439c2fac34571c662
cli-code-plain-baseline-0,518.59,0.12467,124.67,0,0,0,379fed6e022db342b6568bae75527dd346f11a8e50582b2439c2fac34571c662
cli-code-plain-baseline-3,558.88,0.13579,135.79,0,0,0,379fed6e022db342b6568bae75527dd346f11a8e50582b2439c2fac34571c662
cli-code-plain-candidate-1,518.11,0.13321,133.21,0,0,0,379fed6e022db342b6568bae75527dd346f11a8e50582b2439c2fac34571c662
cli-code-plain-candidate-2,560.85,0.14015,140.15,0,0,0,379fed6e022db342b6568bae75527dd346f11a8e50582b2439c2fac34571c662
cli-prose-mtp-baseline-0,333.35,0.15818000000000002,158.18,155,96,61.9,3df4f8aebc9f91fdef72cf020161681d3ddb0d81020c2f97a5add4bbef877799
cli-prose-mtp-baseline-3,420.39,0.17139,171.39,155,96,61.9,3df4f8aebc9f91fdef72cf020161681d3ddb0d81020c2f97a5add4bbef877799
cli-prose-mtp-candidate-1,392.89,0.16653,166.53,155,96,61.9,3df4f8aebc9f91fdef72cf020161681d3ddb0d81020c2f97a5add4bbef877799
cli-prose-mtp-candidate-2,416.82,0.17793,177.93,155,96,61.9,3df4f8aebc9f91fdef72cf020161681d3ddb0d81020c2f97a5add4bbef877799
cli-prose-plain-baseline-0,391.53,0.12627,126.27,0,0,0,3df4f8aebc9f91fdef72cf020161681d3ddb0d81020c2f97a5add4bbef877799
cli-prose-plain-baseline-3,416.25,0.13591,135.91,0,0,0,3df4f8aebc9f91fdef72cf020161681d3ddb0d81020c2f97a5add4bbef877799
cli-prose-plain-candidate-1,392.52,0.13134,131.34,0,0,0,3df4f8aebc9f91fdef72cf020161681d3ddb0d81020c2f97a5add4bbef877799
cli-prose-plain-candidate-2,416.75,0.14047,140.47,0,0,0,3df4f8aebc9f91fdef72cf020161681d3ddb0d81020c2f97a5add4bbef877799
